,,Sree Murugan Enterprises
,,Closing Stock, (ALL PACKS)
,,As on: 21/03/2026
Sl.,Item,Brand,Pack,Code,BPC,MRP,Godown,Shop,BarCode
1,AGAVE,DAMSO SOJU,360,508.1,20,492.00,0.000,0.000,""
2,AGAVE,DESMONDJI BLUE CURACAO,750,499.1,12,1200.00,0.000,0.000,""
3,AGAVE,DESMONDJI BLUE MARGARITTA,750,497.1,12,1200.00,0.000,0.000,""
4,AGAVE,DESMONDJI MAHUA,750,692.1,12,1320.00,0.000,0.000,""
5,AGAVE,DESMONDJI MAHUA LIQURE,750,693.1,12,1440.00,0.000,0.000,""
6,AGAVE,DESMONDJI MARGARITA,750,500.1,12,1200.00,0.000,0.000,""
7,AGAVE,DESMONDJI ORANGE LIQUEUR,750,498.1,12,1200.00,0.000,0.000,""
8,AGAVE,DESMONDJI-100% AGAVE,750,495.1,12,1440.00,0.000,0.000,""
9,AGAVE,DESMONDJI-51% AGAVE,750,496.1,12,1320.00,0.000,0.000,""
10,AGAVE,DESMONGI 51 % AGAVE GOLD,750,601.1,12,1320.00,0.000,0.000,""
11,BEER,AMSTEL STRONG BEER,650,110.1,12,156.00,0.000,0.000,""
12,BEER,AMSTERDAM NAVIGATOR,500,204.1,24,302.00,0.000,0.000,"8716700015238"
13,BEER,AWITMAN PREM STRG BEER,500,470.1,24,256.00,0.000,0.000,"8908023234001"
14,BEER,BECKS ICE STRONG BEER,650,7.1,12,120.00,0.000,0.000,""
15,BEER,BECKS ICE STRONG BEER,500,7.4,24,93.00,0.000,0.000,""
16,BEER,BIRA GOLD WHEAT STG BEER,650,386.1,12,160.00,0.000,0.000,""
17,BEER,BIRA GOLD WHEAT STG BEER,500,386.4,24,135.00,0.000,0.000,""
18,BEER,BIRA91 BL SUMMER LAGER,650,665.1,12,135.00,0.000,0.000,""
19,BEER,BIRA91 BL SUMMER LAGER,500,665.4,24,0.00,0.000,0.000,""
20,BEER,BIRA91 BL SUMMER LAGER,330,665.2,24,0.00,0.000,0.000,""
21,BEER,BIRA91 RISE RICE ST LAGER,500,47.2,24,135.00,-0.006,0.006,"8906147762509"
22,BEER,BIRA91 SP F NATURAL WHITE,500,66.2,24,0.00,0.000,0.000,""
23,BEER,BIRA91 SP F NATURAL WHITE,330,66.1,24,0.00,0.000,0.000,""
24,BEER,BLACK FORT STRONG BEER,650,205.1,12,108.00,0.000,0.000,""
25,BEER,BLACK FORT STRONG BEER,500,205.4,24,84.00,0.000,0.000,""
26,BEER,BLUE MOON BELGIAN WHITE B,500,750.4,24,0.00,0.000,0.000,""
27,BEER,BLUE MOON BELGIAN WHITE B,330,750.3,24,0.00,0.000,0.000,""
28,BEER,BUDVAR BEER,330,673.1,24,218.00,0.000,0.000,""
29,BEER,BUDWEISER LAGER BEER,650,51.1,12,153.00,12.000,4.007,"8902246000597"
30,BEER,BUDWEISER LAGER BEER,500,51.4,24,122.00,11.000,1.001,"8902246000726"
31,BEER,BUDWEISER LAGER BEER,330,51.2,24,87.00,1.000,0.023,""
32,BEER,BUDWISER STRONG BEER,650,354.1,12,172.00,32.000,6.003,"8902246003703"
33,BEER,BUDWISER STRONG BEER,500,354.4,24,140.00,20.000,1.006,"8902246003727"
34,BEER,BUDWISER STRONG BEER,330,354.2,24,96.00,0.000,0.000,""
35,BEER,CARLING PREM STRONG BEER,650,746.1,12,144.00,0.000,0.000,""
36,BEER,CARLING PREM STRONG BEER,500,746.2,24,132.00,0.000,0.000,""
37,BEER,CARLSBERG EL1847 S P BEER,650,240.1,12,0.00,0.000,0.000,""
38,BEER,CARLSBERG EL1847 S P BEER,500,240.4,24,0.00,0.000,0.000,""
39,BEER,CARLSBERG PRE ELE ST BEER,650,8.1,12,167.00,3.000,4.008,"8906018942764"
40,BEER,CARLSBERG PRE ELE ST BEER,500,8.4,24,137.00,3.000,1.007,"8906018940142"
41,BEER,CHARGER SCOTTISH LAGER,500,650.1,24,219.00,0.000,0.000,""
42,BEER,CORONA EXTRA BEER,500,108.4,24,150.00,3.000,2.010,"8902246005288"
43,BEER,CORONA EXTRA BEER,330,108.1,24,125.00,21.000,1.001,"8902246005295"
44,BEER,DISCO PANDA MANGO TANGO,330,807.1,24,228.00,0.000,0.012,""
45,BEER,EIGHT FINGER EDDIE,330,233.1,24,154.00,0.000,0.000,"8908011250013"
46,BEER,FOSTERS STRONG BEER,650,185.1,12,129.00,0.000,0.000,"8908002544299"
47,BEER,FOSTERS STRONG BEER,500,185.4,24,100.00,0.000,0.000,""
48,BEER,GEIST JAMES BLOND CRAFT,500,942.1,24,185.00,0.000,1.017,"746935587543"
49,BEER,GEIST JAMES BLOND DRAUGHT,50000,981.2,1,0.00,0.000,0.000,""
50,BEER,GEIST JAMES BLOND DRAUGHT,30000,981.1,1,0.00,0.000,0.000,""
51,BEER,GEIST KAMACITRA CRAFT BEE,500,940.1,24,208.00,1.000,0.011,"746935587550"
52,BEER,GEIST KAMACITRA DRAUGHT,50000,979.2,1,0.00,0.000,0.000,""
53,BEER,GEIST KAMACITRA DRAUGHT,30000,979.1,1,0.00,0.000,0.000,""
54,BEER,GEIST REPEAT CRAFT DRAUGT,50000,985.2,1,0.00,0.000,0.000,""
55,BEER,GEIST REPEAT CRAFT DRAUGT,30000,985.1,1,0.00,0.000,0.000,""
56,BEER,GEIST REPEAT STRONG,500,582.1,24,149.00,3.000,1.001,""
57,BEER,GEIST STOUTER SPACE DRAUT,50000,983.2,1,0.00,0.000,0.000,""
58,BEER,GEIST STOUTER SPACE DRAUT,30000,983.1,1,0.00,0.000,0.000,""
59,BEER,GEIST UNCLE DUNKEL CRAFT,500,941.1,24,185.00,2.000,0.015,"746935587567"
60,BEER,GEIST UNCLE DUNKEL DRAUGT,50000,982.2,1,0.00,0.000,0.000,""
61,BEER,GEIST UNCLE DUNKEL DRAUGT,30000,982.1,1,0.00,0.000,0.000,""
62,BEER,GEIST WEISS GUY DRAUGHT,50000,984.2,1,0.00,0.000,0.000,""
63,BEER,GEIST WEISS GUY DRAUGHT,30000,984.1,1,0.00,0.000,0.000,""
64,BEER,GEIST WITTY WIT CRAFT BEE,500,943.1,24,185.00,1.000,0.021,"746935587536"
65,BEER,GEIST WITTY WIT DRAUGHT,50000,429.2,1,0.00,0.000,0.000,""
66,BEER,GEIST WITTY WIT DRAUGHT,30000,429.1,1,0.00,0.000,0.000,""
67,BEER,GOA BREW CO PEOPLE LAGER,650,190.1,12,172.00,0.000,0.000,""
68,BEER,GOA BREW CO PEOPLE LAGER,330,190.2,24,104.00,3.000,0.016,""
69,BEER,GODFATHER STRONG BEER,650,103.1,12,132.00,2.000,0.006,"8902181503276"
70,BEER,GODFATHER STRONG BEER,500,103.4,24,102.00,4.000,0.007,"8902181503290"
71,BEER,HAYWARDS 5000 STRONG BEER,650,3.1,12,125.00,19.000,3.004,"8902246000061"
72,BEER,HAYWARDS 5000 STRONG BEER,500,3.4,24,101.00,11.000,3.019,"8902246000023"
73,BEER,HAYWARDS 5000 STRONG BEER,330,3.2,24,66.00,0.000,0.000,"8902246000078"
74,BEER,HEINEKEN PREM LAGER BEER,650,14.1,12,190.00,8.000,0.005,"8905002032009"
75,BEER,HEINEKEN PREM LAGER BEER,500,14.4,24,140.00,4.000,1.010,"8905002032023"
76,BEER,HEINEKEN PREM LAGER BEER,330,14.2,24,104.00,0.000,0.018,"8905002032016"
77,BEER,HOEGAARDEN BEER,500,304.4,24,160.00,2.000,1.008,""
78,BEER,HOEGAARDEN BEER,330,304.1,24,126.00,3.000,0.004,"8902246005455"
79,BEER,HUNTER STRONG BEER,650,105.1,12,130.00,0.000,0.000,"8904299000043"
80,BEER,HUNTER STRONG BEER,500,105.4,24,104.00,0.000,0.000,""
81,BEER,KF MAX STRONG ULTRA BEER,650,106.1,12,161.00,0.000,0.000,""
82,BEER,KF MAX STRONG ULTRA BEER,500,106.4,24,135.00,0.000,0.000,""
83,BEER,KF ULTRA LAGER BEER,650,94.1,12,144.00,0.000,0.000,""
84,BEER,KF ULTRA LAGER BEER,500,94.4,24,120.00,0.000,0.000,""
85,BEER,KF ULTRA LAGER BEER,330,94.2,24,84.00,0.000,0.000,""
86,BEER,KINGFISHER DRAUGHT BEER,500,562.4,24,0.00,0.000,0.000,""
87,BEER,KINGFISHER LAGER BEER,650,6.1,12,125.00,10.000,0.010,""
88,BEER,KINGFISHER LAGER BEER,500,6.4,24,100.00,1.000,2.009,"8905002000022"
89,BEER,KINGFISHER LAGER BEER,330,6.2,24,75.00,0.000,0.000,""
90,BEER,KINGFISHER STRONG BEER,650,10.1,12,134.00,10.000,5.008,"8905002001005"
91,BEER,KINGFISHER STRONG BEER,500,10.4,24,105.00,26.000,3.012,"8905002001029"
92,BEER,KINGFISHER STRONG BEER,330,10.2,24,68.00,0.000,0.000,""
93,BEER,MILLER ACE STRONG BEER,650,206.1,12,156.00,0.000,0.000,""
94,BEER,MILLER ACE STRONG BEER,500,206.4,24,132.00,0.000,0.000,""
95,BEER,MILLER HI LIFE PREM BEER,650,207.1,12,132.00,0.000,0.000,""
96,BEER,MILLER HI LIFE PREM BEER,500,207.4,24,120.00,0.000,0.000,""
97,BEER,MILLER HI LIFE PREM BEER,330,207.2,24,72.00,0.000,0.000,""
98,BEER,ORIGINAL BIRA 91 BL BEER,330,308.2,24,0.00,0.000,0.000,""
99,BEER,ORIGINAL BIRA 91 STR BEER,650,11.1,12,123.00,0.000,0.000,""
100,BEER,ORIGINAL BIRA 91 STR BEER,500,11.4,24,108.00,0.000,0.000,""
101,BEER,ORIGINAL BIRA 91 STR BEER,330,11.2,24,0.00,0.000,0.000,""
102,BEER,ORIGINAL BIRA 91 WHT BEER,500,560.4,24,120.00,0.000,0.000,""
103,BEER,ORIGINAL BIRA 91 WHT BEER,330,560.2,24,100.00,0.000,0.000,""
104,BEER,ORIGINAL BIRA91 BOOM BEER,650,12.1,12,123.00,0.000,0.000,""
105,BEER,ORIGINAL BIRA91 BOOM BEER,500,12.4,24,96.00,0.000,0.000,""
106,BEER,PEOPLES PONDICHERRY,650,214.1,12,178.00,24.000,2.009,""
107,BEER,PEOPLES PONDICHERRY,330,214.2,24,114.00,2.000,0.008,""
108,BEER,PEOPLES TAVERN EDITION,650,232.1,12,167.00,12.000,0.006,""
109,BEER,PEOPLES WHITE,330,32.1,24,126.00,0.000,0.000,""
110,BEER,PERONI NASTRO AZZURO BEER,330,677.1,24,299.00,1.000,0.018,"8008440222008"
111,BEER,PLASTIC CHAIRS,330,33.1,24,165.00,0.000,0.000,""
112,BEER,POWER COOL STRONG BEER,650,104.1,12,98.00,0.000,0.000,""
113,BEER,ROYAL CHALLENGE STG BEER,650,117.1,12,120.00,0.000,0.000,""
114,BEER,STORM KF STRONG BEER,650,101.1,12,135.00,0.000,0.000,""
115,BEER,STORM KF STRONG BEER,500,101.4,24,110.00,0.000,0.000,""
116,BEER,TAG PREMIUM LAGER BEER,650,727.1,12,125.00,0.000,0.000,""
117,BEER,TAG PREMIUM LAGER BEER,500,727.2,24,90.00,0.000,0.000,""
118,BEER,TAG PREMIUM STRONG BEER,650,728.1,12,125.00,0.000,0.000,""
119,BEER,TAG PREMIUM STRONG BEER,500,728.2,24,95.00,0.000,0.000,""
120,BEER,THALA 555,650,558.1,12,147.00,0.000,0.000,""
121,BEER,THALA 888,650,559.1,12,158.00,1.000,1.004,""
122,BEER,THUNDER BOLT STRONG BEER,650,209.1,12,120.00,12.000,1.000,""
123,BEER,THUNDER BOLT STRONG BEER,500,209.4,24,90.00,0.000,0.000,""
124,BEER,TUBORG 4GGREEN LAGER BEER,650,2.1,12,126.00,3.000,2.000,"8906018942474"
125,BEER,TUBORG STRONG PREMIUMBEER,650,9.1,12,132.00,35.000,5.007,"8906018940111"
126,BEER,TUBORG STRONG PREMIUMBEER,500,9.4,24,102.00,13.000,1.016,"8906018940104"
127,BEER,WITMAN  BEER,330,225.1,24,0.00,0.000,0.000,""
128,BEER,WITTYBRO GERMAN WHEATBEER,330,655.1,24,0.00,0.000,0.000,""
129,BEER,WOODPECKER MILD BEER,650,153.1,12,150.00,2.000,0.010,"8904299001736"
130,BEER,WOODPECKER MILD BEER,500,153.4,24,120.00,2.000,1.021,"8904299001743"
131,BEER,WOODPECKER STRONG BEER,650,156.1,12,172.00,0.000,0.000,"8904299001811"
132,BEER,WOODPECKER STRONG BEER,500,156.4,24,138.00,1.000,1.003,"8904299001828"
133,BRANDY,1848 PREMIUM XO BRANDY,750,417.1,12,758.00,1.000,0.011,"8906033091058"
134,BRANDY,3 CHEERS SUPERIOR BDY,1000,461.4,9,600.00,0.000,0.000,"8902178014860"
135,BRANDY,A.BARONET NAPOLEON BRANDY,1000,324.1,12,3656.00,0.000,0.009,"3257150053791"
136,BRANDY,A.BARONET NAPOLEON BRANDY,700,324.2,12,3030.00,0.000,0.007,""
137,BRANDY,ANTIQUITY XO BLEND BRANDY,750,252.1,12,1160.00,0.000,0.002,"8906111453082"
138,BRANDY,ANTIQUITY XO BLEND BRANDY,180,252.3,48,290.00,0.000,0.024,"8906111453068"
139,BRANDY,ANTIQUITY XO BLEND BRANDY,90,252.7,96,144.00,0.000,0.014,"8906111453822"
140,BRANDY,B & G VSOP NAP BRANDY,2000,19.8,6,1446.00,2.000,0.002,"8906141251573"
141,BRANDY,B & G VSOP NAP BRANDY,1000,19.4,9,786.00,13.000,0.003,"8906141250378"
142,BRANDY,B & G VSOP NAP BRANDY,750,19.1,12,596.00,6.000,1.006,"8906141250385"
143,BRANDY,B & G VSOP NAP BRANDY,500,19.5,18,396.00,2.000,1.000,"8906141250392"
144,BRANDY,B & G VSOP NAP BRANDY,375,19.2,24,298.00,2.000,0.023,"8906141250408"
145,BRANDY,B & G VSOP NAP BRANDY,180,19.3,48,147.00,1.000,0.022,"8906141251627"
146,BRANDY,B & G VSOP NAP BRANDY,90,19.7,96,74.00,4.000,0.036,"8906141250422"
147,BRANDY,BARDINET COFFEE SPIRIT DK,700,21.1,6,2350.00,0.000,0.000,""
148,BRANDY,BARDINET VSOP FINEST BDY,1000,718.1,12,2661.00,0.000,0.008,"3012999300051"
149,BRANDY,BARDINET XO FINEST BRANDY,700,948.1,6,3057.00,0.000,0.005,""
150,BRANDY,BAUDIN BOLD BRANDY,750,373.1,12,1200.00,0.000,0.000,"8906037281264"
151,BRANDY,BAUDIN VSOP BRANDY,750,425.1,12,900.00,0.000,0.004,"8906037280342"
152,BRANDY,BEEHIVE HONEY SPIRIT DRIN,1000,951.1,12,3290.00,0.000,0.011,"3012993068179"
153,BRANDY,BEEHIVE PREM RES VSOP BDY,1000,682.1,12,3053.00,0.000,0.011,"3012993048928"
154,BRANDY,BEJOIS XO BRANDY,750,487.1,12,974.00,0.000,0.006,"8901193506619"
155,BRANDY,BLOCKBUSTER STRONG BEER,500,830.5,24,78.00,0.000,1.013,""
156,BRANDY,BLUE GRAPE BRANDY,G180,49.8,48,70.00,2.000,0.007,""
157,BRANDY,BLUE GRAPE BRANDY,1000,49.4,9,380.00,5.000,0.006,"8904011601916"
158,BRANDY,BLUE GRAPE BRANDY,750,49.1,12,280.00,38.000,1.005,"8904011601923"
159,BRANDY,BLUE GRAPE BRANDY,500,49.5,18,190.00,7.000,0.009,"8904011601930"
160,BRANDY,BLUE GRAPE BRANDY,375,49.2,24,140.00,2.000,0.014,"8904011601947"
161,BRANDY,BLUE GRAPE BRANDY,180,49.3,48,70.00,38.000,0.031,"8904011601954"
162,BRANDY,BLUE GRAPE BRANDY,90,49.7,96,36.00,22.000,0.074,"8904011601992"
163,BRANDY,BOLS BRANDY,750,142.1,12,888.00,0.000,0.000,""
164,BRANDY,BOLS BRANDY,375,142.2,24,456.00,0.000,0.000,""
165,BRANDY,BOLS BRANDY,180,142.3,48,228.00,0.000,0.000,""
166,BRANDY,BOLS BRANDY,90,142.7,96,112.00,0.000,0.000,""
167,BRANDY,BOOTZ BRANDY,750,23.1,12,600.00,0.000,0.000,""
168,BRANDY,BOOTZ BRANDY,500,23.5,18,384.00,0.000,0.000,""
169,BRANDY,BOOTZ BRANDY,375,23.2,24,300.00,0.000,0.000,""
170,BRANDY,BOOTZ BRANDY,180,23.3,48,150.00,0.000,0.000,""
171,BRANDY,BOOTZ BRANDY,90,23.7,96,72.00,0.000,0.000,""
172,BRANDY,CALENTER DELUXE VSOP BDY,750,285.1,12,573.00,0.000,0.009,"8908002916171"
173,BRANDY,CHAVANIAC LAFA XO SPL EDI,700,976.1,12,2560.00,0.000,0.010,"745604325325"
174,BRANDY,CHAVANIAC LAFAYETEE XO BY,700,975.1,12,2410.00,0.000,0.004,"745604325332"
175,BRANDY,CHEVALIER DE PARIS BRANDY,180,278.3,48,216.00,0.000,0.000,""
176,BRANDY,CHEVALIER NAPOLEON BRANDY,700,719.1,12,2090.00,0.000,0.000,""
177,BRANDY,CLOVIS XO FRENCH BRANDY,750,327.1,12,897.00,1.000,0.004,"8908001853736"
178,BRANDY,CLOVIS XO FRENCH BRANDY,375,327.2,24,448.00,0.000,0.000,""
179,BRANDY,CLOVIS XO FRENCH BRANDY,180,327.3,48,224.00,0.000,0.025,"8908001853750"
180,BRANDY,CLOVIS XO FRENCH BRANDY,60,327.6,150,78.00,0.050,0.013,"8908001853767"
181,BRANDY,COGNAC GODET VS CLASSIC,700,961.1,12,8034.00,0.000,0.006,"3278480396310"
182,BRANDY,COLONIAL BRANDY,750,52.1,12,588.00,1.000,0.001,"8906037280229"
183,BRANDY,COLONIAL BRANDY,500,52.5,18,390.00,0.000,1.007,"8906037280366"
184,BRANDY,COLONIAL BRANDY,375,52.2,24,294.00,0.000,0.018,"8906037280236"
185,BRANDY,COLONIAL BRANDY,180,52.3,48,147.00,0.000,0.020,"8906037280243"
186,BRANDY,COLONIAL BRANDY,90,52.7,96,72.00,0.000,0.076,"8906037280250"
187,BRANDY,COURRIER NAP GREEN BRANDY,750,55.1,12,774.00,17.000,1.005,"8902178007831"
188,BRANDY,COURRIER NAP GREEN BRANDY,375,55.2,24,387.00,3.000,0.013,"8902178007848"
189,BRANDY,COURRIER NAP GREEN BRANDY,180,55.3,48,194.00,3.000,0.032,"8902178007855"
190,BRANDY,COURRIER NAP GREEN BRANDY,90,55.7,96,95.00,3.000,0.085,"8902178011371"
191,BRANDY,COURRIER NAPOLEON BRANDY,1000,62.4,9,630.00,4.000,0.007,"8902178006926"
192,BRANDY,COURRIER NAPOLEON BRANDY,750,62.1,12,474.00,17.000,0.010,"8902178005196"
193,BRANDY,COURRIER NAPOLEON BRANDY,500,62.5,18,310.00,4.000,0.005,"8902178005226"
194,BRANDY,COURRIER NAPOLEON BRANDY,375,62.2,24,239.00,4.000,0.022,"8902178005202"
195,BRANDY,COURRIER NAPOLEON BRANDY,180,62.3,48,117.00,3.000,0.009,"8902178005219"
196,BRANDY,COURRIER NAPOLEON BRANDY,90,62.7,96,59.00,3.000,0.004,"8902178006025"
197,BRANDY,CRIMPSON BRANDY,90,576.7,96,0.00,0.000,0.000,""
198,BRANDY,CYRUS II BLENDED GRAPE BY,P180,730.8,48,120.00,0.000,0.000,""
199,BRANDY,CYRUS II BLENDED GRAPE BY,1000,730.4,9,600.00,0.000,0.002,"8908018329057"
200,BRANDY,CYRUS II BLENDED GRAPE BY,750,730.1,12,500.00,0.000,0.000,""
201,BRANDY,CYRUS II BLENDED GRAPE BY,500,730.5,18,300.00,0.000,0.000,"8908018329033"
202,BRANDY,CYRUS II BLENDED GRAPE BY,375,730.2,24,250.00,0.000,0.000,"8908018329026"
203,BRANDY,CYRUS II BLENDED GRAPE BY,180,730.3,48,120.00,0.000,0.000,""
204,BRANDY,CYRUS II BLENDED GRAPE BY,90,730.7,96,59.00,0.000,0.042,"8908018329064"
205,BRANDY,DAVID LOUIS XO BRANDY,750,482.1,12,990.00,0.000,0.009,"8904011614220"
206,BRANDY,DAVID LOUIS XO BRANDY,60,482.6,150,90.00,1.000,0.028,"8904011614275"
207,BRANDY,DJ PREMIUM AGED BRANDY,180,226.3,48,114.00,0.000,0.000,""
208,BRANDY,DORDOGNE VSOP FRENCH SPRT,1000,506.5,12,1800.00,0.000,0.000,""
209,BRANDY,DOUBLE DEER BRANDY,750,713.1,12,210.00,0.000,0.000,""
210,BRANDY,DOUBLE DEER BRANDY,180,713.3,48,51.00,0.000,0.000,""
211,BRANDY,DSP BLACK DLX BRANDY,2000,428.1,6,1090.00,2.000,0.005,"8906111453815"
212,BRANDY,DSP BLACK DLX BRANDY,750,428.3,12,410.00,1.000,0.002,"8906111452825"
213,BRANDY,DUPORT NAPOLEON BOLD VSOP,1000,772.1,12,2188.00,1.000,0.002,""
214,BRANDY,DUPORT NAPOLEON VSOP FINE,1000,720.1,12,2067.00,1.000,1.003,"3760293449616"
215,BRANDY,EASTCOAST INDIAN BLEN BDY,750,553.1,12,550.00,0.000,0.000,""
216,BRANDY,ESP CONSTANTINO BRANDY,750,459.1,12,720.00,0.000,0.000,""
217,BRANDY,ESTON SALUTE XO BRANDY,750,876.1,12,570.00,0.000,0.000,""
218,BRANDY,EXTRA GOLDEN STAR BRANDY,G180,711.8,48,54.00,0.000,0.000,""
219,BRANDY,EXTRA GOLDEN STAR BRANDY,750,711.1,12,222.00,0.000,0.000,""
220,BRANDY,EXTRA GOLDEN STAR BRANDY,180,711.3,48,54.00,0.000,0.000,""
221,BRANDY,FIERCE XO PREMIUM BRANDY,750,180.1,12,900.00,2.000,0.011,""
222,BRANDY,FIERCE XO PREMIUM BRANDY,180,180.3,48,225.00,0.000,0.022,""
223,BRANDY,FLAMINGO VSOP BRANDY,375,57.2,24,216.00,0.000,0.000,""
224,BRANDY,FLAMINGO VSOP BRANDY,180,57.3,48,108.00,0.000,0.000,"8904011611052"
225,BRANDY,FLAMINGO VSOP BRANDY,90,57.7,96,54.00,0.000,0.005,"8904011611090"
226,BRANDY,FRENCH QUATERS XO PRE BLE,750,623.1,12,638.00,0.000,0.000,""
227,BRANDY,GEO XO PREM LEAGUE BRANDY,750,376.1,12,628.00,1.000,0.007,"8908001853613"
228,BRANDY,GEO XO PREM LEAGUE BRANDY,500,376.5,18,398.00,0.000,0.016,""
229,BRANDY,GEO XO PREM LEAGUE BRANDY,375,376.2,24,312.00,0.000,0.017,"8908001853620"
230,BRANDY,GEO XO PREM LEAGUE BRANDY,180,376.3,48,158.00,0.000,0.015,"8908001853637"
231,BRANDY,GEO XO PREM LEAGUE BRANDY,90,376.7,96,78.00,0.000,0.053,"8908001853668"
232,BRANDY,GILLES NAPOLEON XO FRENCH,750,745.1,12,1080.00,0.000,0.000,""
233,BRANDY,GOA XXX VSOP BRANDY,1500,261.8,6,365.00,0.000,0.000,""
234,BRANDY,GOA XXX VSOP BRANDY,1000,261.4,9,306.00,0.000,0.000,""
235,BRANDY,GOA XXX VSOP BRANDY,750,261.1,12,228.00,0.000,0.000,""
236,BRANDY,GOA XXX VSOP BRANDY,500,261.5,18,154.00,0.000,0.000,""
237,BRANDY,GOA XXX VSOP BRANDY,375,261.2,24,114.00,0.000,0.000,""
238,BRANDY,GOA XXX VSOP BRANDY,180,261.3,48,58.00,0.000,0.000,""
239,BRANDY,GOA XXX VSOP BRANDY,90,261.7,96,29.00,0.000,0.000,""
240,BRANDY,GODS OWN VSOP BRANDY,1000,657.2,12,2490.00,0.000,0.007,"8906169710298"
241,BRANDY,GODS OWN VSOP BRANDY,750,657.1,12,1980.00,1.000,0.008,""
242,BRANDY,GOLD BISCUIT VS BRANDY,1000,355.4,9,408.00,0.000,0.008,""
243,BRANDY,GOLD BISCUIT VS BRANDY,750,355.1,12,310.00,1.000,0.011,""
244,BRANDY,GOLD BISCUIT VS BRANDY,500,355.5,18,208.00,0.000,0.016,""
245,BRANDY,GOLD BISCUIT VS BRANDY,375,355.2,24,159.00,0.000,0.022,""
246,BRANDY,GOLD BISCUIT VS BRANDY,180,355.3,48,78.00,0.000,0.005,"8906141251641"
247,BRANDY,GOLD BISCUT VSOP BDY,750,883.1,12,396.00,0.000,0.006,""
248,BRANDY,GOLD CREST PREMIUM BRANDY,180,13.3,48,96.00,0.000,0.000,""
249,BRANDY,GOLD CROWN VSOP BRANDY,750,808.1,12,426.00,0.000,0.000,""
250,BRANDY,GOLD ETERNITY EXT BRANDY,750,299.1,12,864.00,0.000,0.000,""
251,BRANDY,GOLD NAPOLEON FRENCH SPIR,1000,684.1,12,2001.00,0.006,0.006,"3012990060909"
252,BRANDY,GOLD TREAT VSOP BRANDY,1000,328.4,9,480.00,0.000,0.000,""
253,BRANDY,GOLD TREAT VSOP BRANDY,750,328.1,12,378.00,0.000,0.000,""
254,BRANDY,GOLDEN TOUCH BRANDY,750,29.1,12,590.00,1.000,0.003,"8908005020011"
255,BRANDY,GOLDEN TOUCH BRANDY,375,29.2,24,0.00,0.000,0.000,""
256,BRANDY,GOOD MAN PREMIUM BRANDY,750,311.1,12,983.00,0.000,0.000,""
257,BRANDY,GOOD MAN PREMIUM BRANDY,180,311.3,48,243.00,0.000,0.000,""
258,BRANDY,GRAND MARQUIS BRANDY,750,731.1,12,480.00,0.000,0.000,""
259,BRANDY,GRAND MARQUIS BRANDY,180,731.3,48,120.00,0.000,0.000,""
260,BRANDY,GRAYSONS DRUE PREM BRANDY,750,378.1,12,480.00,0.000,0.000,""
261,BRANDY,GRAYSONS DRUE PREM BRANDY,500,382.5,18,290.00,0.000,0.000,""
262,BRANDY,GRAYSONS DRUE PREM BRANDY,180,378.3,48,120.00,0.000,0.000,""
263,BRANDY,GREEN CHANNEL BRANDY,750,698.1,12,318.00,0.000,0.000,""
264,BRANDY,GREEN CHANNEL BRANDY,375,698.2,24,162.00,0.000,0.000,""
265,BRANDY,GREEN CHANNEL BRANDY,180,698.3,48,78.00,0.000,0.000,""
266,BRANDY,GREEN CHANNEL BRANDY,90,698.4,96,0.00,0.000,0.000,""
267,BRANDY,GREENSTONE IND PRE BRANDY,750,754.1,12,384.00,0.000,0.000,""
268,BRANDY,GREENWICH FRENCH PREM BDY,750,572.1,12,840.00,0.000,0.001,""
269,BRANDY,HATTRICK VSOP BRANDY,750,380.1,12,336.00,0.000,0.000,""
270,BRANDY,HENNESSY VS COGNAC BRANDY,700,309.1,12,6801.00,0.000,0.000,""
271,BRANDY,HENNESSY VS COGNAC BRANDY,200,309.2,24,1254.00,0.000,0.000,""
272,BRANDY,HENNESSY VS COGNAC BRANDY,50,309.6,120,0.00,0.000,0.000,""
273,BRANDY,HENNESSY VSOP COGNAC,700,406.1,12,7672.00,0.000,0.000,""
274,BRANDY,HENNESSY XO COGNAC,700,407.1,12,21126.00,0.000,0.000,""
275,BRANDY,HOBSON FRENCH BRANDY,750,76.1,12,1680.00,2.000,0.006,"8908001853002"
276,BRANDY,HOBSON FRENCH BRANDY,180,76.3,48,428.00,0.000,0.022,"8908001853019"
277,BRANDY,HOBSON FRENCH BRANDY,60,76.6,150,138.00,0.050,0.020,"8908001853545"
278,BRANDY,I MAX CLASSIC BRANDY,750,594.1,12,448.00,0.000,0.000,""
279,BRANDY,IFBI'S DOUBLE SHIP XO BDY,700,293.1,12,1680.00,1.000,0.007,"8904011615128"
280,BRANDY,IMPERIAL VS RES INDIAN BY,750,150.1,12,440.00,0.000,0.003,""
281,BRANDY,IMPERIAL VS RES INDIAN BY,180,150.3,48,98.00,0.000,0.000,""
282,BRANDY,IMPERIAL VS RES INDIAN BY,90,150.7,96,48.00,0.000,0.000,""
283,BRANDY,JAMES CARTER XO BRANDY,750,260.1,12,576.00,0.000,0.000,""
284,BRANDY,JAMES CARTER XO BRANDY,375,260.2,24,288.00,0.000,0.000,""
285,BRANDY,JAMES CARTER XO BRANDY,180,260.3,48,144.00,0.000,0.000,""
286,BRANDY,JEFFERIES RESERVE XO BDY,750,246.1,12,600.00,0.000,0.000,"8906018973829"
287,BRANDY,JEFFERIES RESERVE XO BDY,180,246.3,48,150.00,0.000,0.000,""
288,BRANDY,JEFFRIE'S GRAPE BRANDY,750,146.1,12,312.00,1.000,0.008,"8906018970118"
289,BRANDY,JEFFRIE'S GRAPE BRANDY,500,146.5,18,208.00,2.000,0.005,"8906018970149"
290,BRANDY,JEFFRIE'S GRAPE BRANDY,375,146.2,24,156.00,1.000,1.016,""
291,BRANDY,JEFFRIE'S GRAPE BRANDY,180,146.3,48,78.00,4.000,0.009,"8906018970132"
292,BRANDY,JEFFRIE'S GRAPE BRANDY,90,146.7,96,39.00,3.000,0.016,""
293,BRANDY,JEFFRIES GOLD VSOP BRANDY,750,239.1,12,432.00,1.000,1.000,"8906018973027"
294,BRANDY,JEFFRIES GOLD VSOP BRANDY,375,239.2,24,216.00,0.000,0.014,"8906018973041"
295,BRANDY,JEFFRIES GOLD VSOP BRANDY,180,239.3,48,108.00,0.000,0.038,"8906018973058"
296,BRANDY,JEFFRIES GOLD VSOP BRANDY,90,239.7,96,54.00,0.000,0.001,""
297,BRANDY,JEFFRIES NO.1 BRANDY,750,149.1,12,392.00,0.000,0.008,""
298,BRANDY,KYRON PREMIUM BRANDY,750,54.1,12,918.00,2.000,0.006,"8901544019829"
299,BRANDY,KYRON PREMIUM BRANDY,375,54.2,24,460.00,0.000,0.017,"8901544019836"
300,BRANDY,KYRON PREMIUM BRANDY,180,54.3,48,230.00,0.000,0.020,"8901544019843"
301,BRANDY,KYRON PREMIUM BRANDY,90,54.7,96,116.00,0.000,0.000,""
302,BRANDY,LA MARTINE VSOP BRANDY,750,418.1,12,586.00,0.000,0.000,""
303,BRANDY,LAFFAIRE NAPOLEON BRANDY,750,320.1,12,864.00,0.000,0.000,""
304,BRANDY,LAFFAIRE NAPOLEON BRANDY,375,320.2,24,432.00,0.000,0.000,""
305,BRANDY,LAFFAIRE NAPOLEON BRANDY,180,320.3,48,216.00,0.000,0.000,""
306,BRANDY,LAFFAIRE NAPOLEON BRANDY,90,320.7,96,108.00,0.000,0.000,""
307,BRANDY,LE GRAND BRANDY,750,247.1,12,576.00,0.000,0.000,""
308,BRANDY,LE GRAND DAUPHIN COGNAC,500,974.1,18,3842.00,0.000,0.003,"745604325356"
309,BRANDY,LEGEND RARE BRANDY,750,742.1,12,408.00,0.000,0.000,""
310,BRANDY,LEGEND RARE BRANDY,375,742.2,24,204.00,0.000,0.000,""
311,BRANDY,LEGEND RARE BRANDY,180,742.3,48,100.00,0.000,0.000,""
312,BRANDY,LEGEND RARE BRANDY,90,742.4,96,50.00,0.000,0.047,""
313,BRANDY,LEROI RESERVA BRANDY,750,274.1,12,468.00,0.000,0.000,""
314,BRANDY,LEROI RESERVA BRANDY,500,274.5,18,288.00,0.000,0.000,""
315,BRANDY,LEROI RESERVA BRANDY,375,274.2,24,234.00,0.000,0.000,""
316,BRANDY,LEROI RESERVA BRANDY,180,274.3,48,120.00,0.000,0.000,""
317,BRANDY,LEROI RESERVA BRANDY,90,274.7,96,60.00,0.000,0.000,""
318,BRANDY,LH VSOP BRANDY,750,255.1,12,450.00,0.000,0.000,""
319,BRANDY,LOUIS VERNANT XO BRANDY,750,640.1,12,880.00,0.000,0.000,"8906111450425"
320,BRANDY,LOUIS VERNANT XO BRANDY,375,640.2,24,462.00,0.000,0.000,""
321,BRANDY,LOUIS VERNANT XO BRANDY,180,640.3,48,225.00,0.000,0.000,""
322,BRANDY,LOUIS X111,700,733.1,12,0.00,0.000,0.000,""
323,BRANDY,M.H FLANDY LEMON WHITE BY,750,288.1,12,730.00,2.000,1.000,"8902178014150"
324,BRANDY,M.H FLANDY LEMON WHITE BY,375,288.2,24,365.00,0.000,0.000,""
325,BRANDY,M.H FLANDY LEMON WHITE BY,180,288.3,48,180.00,0.000,0.000,""
326,BRANDY,M.H FLANDY LEMON WHITE BY,90,288.7,96,90.00,0.000,0.000,""
327,BRANDY,M.H FRENCH CHERRY BRANDY,180,871.3,48,150.00,0.000,0.000,"8902178012927"
328,BRANDY,M.H FRENCH ORANGE BRANDY,750,872.1,12,730.00,0.000,0.000,"8902178012804"
329,BRANDY,M.H FRENCH ORANGE BRANDY,375,872.2,24,365.00,0.000,0.005,"8902178012811"
330,BRANDY,M.H FRENCH ORANGE BRANDY,180,872.3,48,180.00,1.000,0.010,"8902178012828"
331,BRANDY,M.H FRENCH ORANGE BRANDY,90,872.7,96,90.00,0.000,0.038,"8902178012835"
332,BRANDY,MACMILLAN PREMIUM BRANDY,180,830.3,48,0.00,0.000,0.000,""
333,BRANDY,MACMILLAN PREMIUM BRANDY,90,830.7,96,0.00,0.000,0.000,""
334,BRANDY,MANSION HOUSE BRANDY,2000,69.8,6,1427.00,0.000,0.005,"8902178013368"
335,BRANDY,MANSION HOUSE BRANDY,1000,69.4,9,797.00,5.000,1.000,"8902178005042"
336,BRANDY,MANSION HOUSE BRANDY,750,69.1,12,596.00,17.000,1.005,"8902178005165"
337,BRANDY,MANSION HOUSE BRANDY,500,69.5,18,399.00,5.000,1.000,"8902178005813"
338,BRANDY,MANSION HOUSE BRANDY,375,69.2,24,299.00,5.000,0.011,"8902178005172"
339,BRANDY,MANSION HOUSE BRANDY,180,69.3,48,147.00,10.000,0.003,"8902178005189"
340,BRANDY,MANSION HOUSE BRANDY,90,69.7,96,74.00,19.000,0.042,"8902178006018"
341,BRANDY,MANSION HOUSE CHAMBER BDY,750,435.1,12,720.00,0.000,0.000,""
342,BRANDY,MANSION HOUSE CHAMBER BDY,375,435.2,24,360.00,0.000,0.000,""
343,BRANDY,MANSION HOUSE CHAMBER BDY,180,435.3,48,180.00,0.000,0.037,"8902178013399"
344,BRANDY,MANSION HOUSE SILK BRANDY,375,16.2,24,420.00,0.000,0.000,""
345,BRANDY,MARBLEZ XO BRANDY,750,92.1,12,756.00,1.000,1.001,"8904011615029"
346,BRANDY,MARBLEZ XO BRANDY,180,92.3,48,178.00,1.000,0.020,"8904011615050"
347,BRANDY,MARBLEZ XO BRANDY,60,92.2,150,75.00,1.025,0.034,"8904011615074"
348,BRANDY,MARIE ANT DAU ARM BRANDY,1000,977.1,9,3936.00,0.000,0.000,"745604325349"
349,BRANDY,MARTELL VS COGNAC,700,193.1,6,4600.00,0.000,0.000,""
350,BRANDY,MARTELL VSOP COGNAC,700,194.1,12,6000.00,0.000,0.000,"3219820005899"
351,BRANDY,MAURICE BLACK FRENCH BDY,750,213.1,12,1240.00,2.000,0.006,"8906141251474"
352,BRANDY,MAURICE BLACK FRENCH BDY,60,213.6,150,100.00,0.000,0.016,"8906141251481"
353,BRANDY,MAURICE GREEN FRENCH BDY,750,432.1,12,900.00,0.000,0.010,"8939124227388"
354,BRANDY,MCDOWELL VSOP DELUXE BDY,2000,70.8,6,1230.00,1.000,0.002,"8906111453297"
355,BRANDY,MCDOWELL VSOP DELUXE BDY,1000,70.4,9,620.00,4.000,0.006,"8906111451699"
356,BRANDY,MCDOWELL VSOP DELUXE BDY,750,70.1,12,465.00,4.000,0.006,"8906111451682"
357,BRANDY,MCDOWELL VSOP DELUXE BDY,500,70.5,18,320.00,2.000,0.001,"8906111451675"
358,BRANDY,MCDOWELL VSOP DELUXE BDY,375,70.2,24,233.00,2.000,0.021,"8906111451668"
359,BRANDY,MCDOWELL VSOP DELUXE BDY,180,70.3,48,129.00,2.000,0.031,"8906111451651"
360,BRANDY,MCDOWELL VSOP DELUXE BDY,90,70.7,96,68.00,2.000,0.019,"8906111451644"
361,BRANDY,MCDOWELL'S CAESAR BRANDY,750,61.1,12,580.00,0.000,0.000,"8906111451255"
362,BRANDY,MCDOWELL'S CAESAR BRANDY,180,61.3,48,132.00,0.000,0.000,""
363,BRANDY,MCDOWELL'S CAESAR BRANDY,90,61.7,96,57.00,0.000,0.000,""
364,BRANDY,MCDOWELLS AMBER BRANDY,500,643.5,18,252.00,0.000,0.000,""
365,BRANDY,MCDOWELLS AMBER BRANDY,375,643.2,24,144.00,0.000,0.000,""
366,BRANDY,MCDOWELLS PLATINUM BRANDY,750,280.1,12,430.00,0.000,0.000,""
367,BRANDY,MCLOUIS ROYAL XO BRANDY,750,332.1,12,2400.00,0.000,0.000,"5060587360008"
368,BRANDY,MEN'CHOICE BDY,180,636.3,48,50.00,0.000,0.000,""
369,BRANDY,MEUKOW VS COGNAC,700,534.1,6,8010.00,0.000,0.001,"32571501002288"
370,BRANDY,MEUKOW VSOP COGNAC,700,529.1,6,8460.00,0.000,0.000,""
371,BRANDY,MILESTONE VSOP BRANDY,750,743.1,12,479.00,0.000,0.000,"8904299000692"
372,BRANDY,MILESTONE VSOP BRANDY,375,743.2,24,240.00,0.000,0.002,"8904299000685"
373,BRANDY,MILESTONE VSOP BRANDY,180,743.3,48,117.00,0.000,0.000,""
374,BRANDY,MILESTONE VSOP BRANDY,90,743.4,96,59.00,0.000,0.000,""
375,BRANDY,MONARCH EXPERTLY CRAFT BY,750,528.1,12,3554.00,0.000,0.003,""
376,BRANDY,MONT CASTEL FRENCH BRANDY,750,251.1,12,560.00,0.000,1.000,"8904014803034"
377,BRANDY,MONT CASTEL FRENCH BRANDY,500,251.5,18,312.00,0.000,0.000,""
378,BRANDY,MONT CASTEL FRENCH BRANDY,375,251.2,24,228.00,0.000,0.000,""
379,BRANDY,MONT CASTEL FRENCH BRANDY,180,251.3,48,114.00,0.000,0.000,""
380,BRANDY,MONT CASTEL FRENCH BRANDY,90,251.7,96,60.00,0.000,0.000,""
381,BRANDY,MONTRELL VSOP BRANDY,750,365.1,12,834.00,0.000,0.008,"8906037280755"
382,BRANDY,MONTRELL VSOP BRANDY,375,365.2,24,420.00,0.000,0.000,""
383,BRANDY,MONTRELL VSOP BRANDY,180,365.3,48,216.00,0.000,0.000,""
384,BRANDY,MORKOS VSOP FRENCH BRANDY,375,173.2,24,300.00,0.000,0.000,""
385,BRANDY,MORKOS VSOP FRENCH BRANDY,180,173.3,48,150.00,0.000,0.000,""
386,BRANDY,MORKOS VSOP FRENCH BRANDY,90,173.4,96,76.00,0.000,0.008,""
387,BRANDY,MORPHEUS BLUE XO BRANDY,750,228.1,12,1160.00,4.000,0.011,"8901556184829"
388,BRANDY,MORPHEUS BLUE XO BRANDY,375,228.2,24,580.00,7.000,0.006,"8901556184836"
389,BRANDY,MORPHEUS BLUE XO BRANDY,180,228.3,48,290.00,5.000,0.011,"8901556184843"
390,BRANDY,MORPHEUS BLUE XO BRANDY,60,228.6,150,95.00,7.050,0.012,"8901556184881"
391,BRANDY,MORPHEUS XO BRANDY,750,99.1,12,900.00,8.000,1.002,"8902146433723"
392,BRANDY,MORPHEUS XO BRANDY,375,99.2,24,450.00,5.000,0.010,"8902146433730"
393,BRANDY,MORPHEUS XO BRANDY,180,99.3,48,225.00,4.000,0.039,"8902146433747"
394,BRANDY,MORPHEUS XO BRANDY,60,99.6,150,77.00,4.000,0.020,"8902146433754"
395,BRANDY,MT REGIS FRENCH XO BRANDY,750,269.1,12,1583.00,0.000,0.000,""
396,BRANDY,NAPOLEON WARRIOR BRANDY,750,258.1,12,504.00,0.000,0.000,""
397,BRANDY,NAPOLEON WARRIOR BRANDY,375,258.2,24,252.00,0.000,0.000,""
398,BRANDY,NAPOLEON WARRIOR BRANDY,180,258.3,48,126.00,0.000,0.006,"8906136920149"
399,BRANDY,NAUTILUS BLEND XO BRANDY,750,874.1,12,840.00,0.000,0.000,""
400,BRANDY,NEW KING LOUIS BRANDY,750,338.1,12,600.00,0.000,0.000,""
401,BRANDY,NEW KING LOUIS BRANDY,375,338.2,24,300.00,0.000,0.000,""
402,BRANDY,NEW KING LOUIS BRANDY,180,338.3,48,150.00,0.000,0.000,""
403,BRANDY,NEW KING LOUIS BRANDY,90,338.7,100,72.00,0.000,0.000,""
404,BRANDY,NO.1MCDOWELLS GOLD BRANDY,1000,68.4,9,585.00,7.000,0.005,"8906111450555"
405,BRANDY,NO.1MCDOWELLS GOLD BRANDY,750,68.1,12,440.00,2.000,0.008,"8906111450548"
406,BRANDY,NO.1MCDOWELLS GOLD BRANDY,500,68.5,18,305.00,3.000,0.009,"8906111450524"
407,BRANDY,NO.1MCDOWELLS GOLD BRANDY,375,68.2,24,220.00,5.000,0.015,"8906111450517"
408,BRANDY,NO.1MCDOWELLS GOLD BRANDY,180,68.3,48,118.00,17.000,0.020,"8906111454706"
409,BRANDY,NO.1MCDOWELLS GOLD BRANDY,90,68.7,96,58.00,12.000,0.001,"8906111450487"
410,BRANDY,NO1MCD GOLD IND BDY TETRA,180,116.1,48,108.00,4.000,0.021,"8906111454874"
411,BRANDY,OFFICERS CHOICE DELUX BDY,1000,477.4,9,0.00,0.000,0.000,""
412,BRANDY,OFFICERS CHOICE DELUX BDY,750,477.1,12,0.00,0.000,0.000,""
413,BRANDY,OFFICERS CHOICE DELUX BDY,500,477.5,18,0.00,0.000,0.000,""
414,BRANDY,OFFICERS CHOICE DELUX BDY,375,477.2,24,0.00,0.000,0.000,""
415,BRANDY,OLD ADMIRAL VSOP BRANDY,1000,253.4,9,396.00,0.000,0.000,""
416,BRANDY,OLD ADMIRAL VSOP BRANDY,750,253.1,12,300.00,0.000,0.000,""
417,BRANDY,OLD ADMIRAL VSOP BRANDY,500,253.5,18,204.00,0.000,0.000,""
418,BRANDY,OLD ADMIRAL VSOP BRANDY,375,253.2,24,150.00,0.000,0.000,""
419,BRANDY,OLD ADMIRAL VSOP BRANDY,180,253.3,48,76.00,0.000,0.000,""
420,BRANDY,OLD ADMIRAL VSOP BRANDY,90,253.7,96,49.00,0.000,0.000,""
421,BRANDY,ORO XO PREMIUM BRANDY,750,216.1,12,864.00,0.000,0.000,""
422,BRANDY,ORO XO PREMIUM BRANDY,180,216.3,48,216.00,0.000,0.000,""
423,BRANDY,ORO XO PREMIUM BRANDY,60,216.6,150,72.00,0.000,0.000,""
424,BRANDY,OSCAR'S BRANDY,750,80.1,12,432.00,0.000,0.000,""
425,BRANDY,PAUL JOHN 100 BRANDY,750,210.1,12,12000.00,0.000,0.001,"8904014802471"
426,BRANDY,PERE DAVID VSOP BDY,1000,489.4,12,1896.00,0.006,0.002,""
427,BRANDY,PREMIER DOCTOR BRANDY,1000,611.4,9,300.00,0.000,0.000,""
428,BRANDY,PREMIER DOCTOR BRANDY,750,611.1,12,228.00,0.000,0.000,""
429,BRANDY,PREMIER DOCTOR BRANDY,500,611.5,18,150.00,0.000,0.000,"825541001107"
430,BRANDY,PREMIER DOCTOR BRANDY,375,611.2,24,114.00,0.000,0.000,"825541000636"
431,BRANDY,PREMIER DOCTOR BRANDY,180,611.3,48,58.00,0.000,0.000,""
432,BRANDY,PREMIER DOCTOR BRANDY,90,611.7,96,30.00,0.000,0.000,""
433,BRANDY,REGIS MORE BRANDY,1000,437.1,12,2276.00,0.000,0.000,""
434,BRANDY,REMY MARTIN LOUIS X111,700,584.1,3,2.00,0.000,0.000,""
435,BRANDY,REMY MARTIN VSOP BRANDY,1000,175.4,12,15623.00,0.000,1.001,"3024482295126"
436,BRANDY,REMY MARTIN VSOP BRANDY,700,175.1,12,11234.00,0.000,0.001,""
437,BRANDY,REMY MARTIN XO BRANDY,700,177.1,12,25787.00,0.000,0.000,""
438,BRANDY,RENOIR VSOP BRANDY,750,30.1,12,378.00,0.000,0.000,""
439,BRANDY,RENOIR VSOP BRANDY,500,772.5,18,258.00,0.000,0.000,""
440,BRANDY,RENOIR VSOP BRANDY,375,30.2,24,192.00,0.000,0.000,""
441,BRANDY,RENOIR VSOP BRANDY,180,30.3,48,96.00,0.000,0.010,"8904011608151"
442,BRANDY,RENOIR VSOP BRANDY,90,30.7,96,48.00,0.000,1.001,"8904011698107"
443,BRANDY,RETRO VSOP BRANDY,750,381.1,12,300.00,0.000,0.000,""
444,BRANDY,RICHTON VSOP BRANDY,750,351.1,12,480.00,0.000,0.000,""
445,BRANDY,RICHTON VSOP BRANDY,180,351.3,48,120.00,0.000,0.000,""
446,BRANDY,ROULETTE XO GRAPE BRANDY,750,370.1,12,1132.00,0.000,0.000,""
447,BRANDY,ROULETTE XO GRAPE BRANDY,180,370.3,48,0.00,0.000,0.000,""
448,BRANDY,ROYAL COMMISSION VS BDY,1000,313.1,12,2230.00,0.000,0.000,""
449,BRANDY,ROYAL MARTIN XO BRANDY,750,71.1,12,1200.00,0.000,0.000,""
450,BRANDY,RX 400 VSOP BRANDY,750,223.1,12,564.00,0.000,0.000,""
451,BRANDY,RX 400 VSOP BRANDY,500,223.5,18,372.00,0.000,0.000,""
452,BRANDY,RX 400 VSOP BRANDY,375,223.2,24,288.00,0.000,0.000,""
453,BRANDY,RX 400 VSOP BRANDY,180,223.3,48,144.00,0.000,0.000,""
454,BRANDY,S BRANDY XO NAPOLEON,750,642.1,12,708.00,0.000,0.000,""
455,BRANDY,S BRANDY XO NAPOLEON,90,642.7,100,90.00,0.000,0.000,""
456,BRANDY,SAINT LOUIS BRANDY VSOP,1000,484.1,12,3489.00,0.006,0.006,"3278481003392"
457,BRANDY,SAINT LOUIS GRAPE BDY XO,700,486.1,12,3279.00,0.000,0.000,"3278481534391"
458,BRANDY,SAINT LOUIS PURE BRANDY,700,726.1,12,2490.00,0.006,0.009,"3760293446226"
459,BRANDY,SCOT ALEX VSOP BRANDY,700,396.1,12,2040.00,0.000,0.000,""
460,BRANDY,SCOT ALEXANDER XO BRANDY,700,388.1,12,2520.00,0.000,0.000,""
461,BRANDY,ST BERNARD NAPOLEON BDY,1000,490.4,12,1800.00,0.000,0.007,""
462,BRANDY,ST REMY XO FRENCH BRANDY,700,485.1,12,3870.00,1.000,0.005,"3161420002467"
463,BRANDY,STREMY VSOP FRENCH BRANDY,1000,295.4,12,3923.00,2.000,0.000,"3161420000166"
464,BRANDY,STREMY VSOP FRENCH BRANDY,700,295.1,12,2850.00,1.000,1.000,"3161420000203"
465,BRANDY,STREMY VSOP FRENCH BRANDY,375,295.2,24,1661.00,1.000,0.011,"3035540010155"
466,BRANDY,SYRENS NAPOLEON BRANDY,1000,307.4,12,2256.00,0.000,1.000,"3162040160001"
467,BRANDY,SYRENS NAPOLEON BRANDY,750,307.1,12,1865.00,0.000,0.000,""
468,BRANDY,TETRA OLD ADMIRAL BRANDY,180,312.3,48,80.00,0.000,0.000,""
469,BRANDY,THE AUTO CYCLE BRANDY,750,710.1,12,240.00,0.000,0.000,""
470,BRANDY,THE AUTO CYCLE BRANDY,90,710.6,96,30.00,0.000,0.000,"890401601473"
471,BRANDY,THE WAREHOUSE VSOP BRANDY,750,813.1,12,0.00,0.000,0.000,""
472,BRANDY,THE WAREHOUSE VSOP BRANDY,375,813.2,24,240.00,0.000,0.000,""
473,BRANDY,THE WAREHOUSE VSOP BRANDY,180,813.3,48,120.00,0.000,0.023,"8904011609653"
474,BRANDY,TORRES 5 BRANDY,700,749.1,12,2285.00,1.000,0.007,"8410113000019"
475,BRANDY,VAN LOUIS PREM BRANDY,750,382.1,12,576.00,0.000,0.000,""
476,BRANDY,VAN LOUIS PREM BRANDY,180,382.3,48,144.00,0.000,0.000,""
477,BRANDY,VECCHIA ROMAGNA CLASS BDY,700,475.1,12,2710.00,0.000,0.002,"8000330125079"
478,BRANDY,VICTOR FAU NAP P G BDY VS,750,235.1,12,2544.00,0.000,0.009,"3162040160148"
479,BRANDY,VIN DR'S SPL BRANDY,750,447.1,12,240.00,4.000,1.003,""
480,BRANDY,VIN DR'S SPL BRANDY,180,447.3,48,60.00,3.000,0.018,""
481,BRANDY,VIN DR'S SPL BRANDY,90,447.7,96,30.00,3.000,0.009,""
482,BRANDY,VIN GRAPE BRANDY,180,493.3,48,0.00,0.000,0.000,""
483,BRANDY,VIN JOCKEY BRANDY,750,56.1,12,318.00,0.000,0.000,""
484,BRANDY,VIN JOCKEY BRANDY,375,56.2,24,162.00,0.000,0.000,""
485,BRANDY,VIN JOCKEY BRANDY,180,56.3,48,78.00,0.000,0.000,"8904011607154"
486,BRANDY,VIN JOCKEY BRANDY,90,56.7,96,42.00,0.000,0.064,"8904011607192"
487,BRANDY,VINBROS NAPOLEON VSOP BDY,1000,946.1,9,0.00,0.000,0.000,""
488,BRANDY,VINBROS NAPOLEON VSOP BDY,750,946.2,12,378.00,0.000,0.000,""
489,BRANDY,VINBROS NAPOLEON VSOP BDY,500,946.3,18,0.00,0.000,0.000,""
490,BRANDY,VINBROS NAPOLEON VSOP BDY,375,946.4,24,0.00,0.000,0.000,""
491,BRANDY,VINBROS NAPOLEON VSOP BDY,180,946.5,48,0.00,0.000,0.000,""
492,BRANDY,VINBROS NAPOLEON VSOP BDY,90,946.6,96,0.00,0.000,0.000,""
493,BRANDY,WANTED 999 VSOP BRANDY,750,555.1,12,479.00,0.000,0.000,""
494,BRANDY,WAREHOUSE VSOP BRANDY,750,752.1,12,480.00,0.000,0.000,""
495,BRANDY,WAREHOUSE VSOP BRANDY,180,752.3,48,120.00,0.000,0.000,""
496,BRANDY,WHYTEHALL PREMIUM BRANDY,750,218.1,12,480.00,0.000,0.000,""
497,BRANDY,ZIMRA XTRA RES FRENCH BDY,750,315.1,12,1488.00,0.000,0.011,"8904011614428"
498,BRANDY,ZIMRA XTRA RES FRENCH BDY,60,315.6,150,125.00,0.000,0.000,""
499,GIN,BEEFEATER LONDON DRY GIN,750,121.1,12,2200.00,0.000,0.000,""
500,GIN,BLUE RIBAND P GIN CITRUS,750,758.1,12,483.00,1.000,0.001,"8906111453587"
501,GIN,BLUE RIBAND P GIN CITRUS,375,758.2,24,242.00,0.000,0.000,""
502,GIN,BLUE RIBAND P GIN CITRUS,180,758.3,48,118.00,0.000,0.000,""
503,GIN,BLUE RIBAND PRE EXTRA GIN,750,759.1,12,483.00,0.000,1.000,"8906111453648"
504,GIN,BLUE RIBAND PRE EXTRA GIN,375,759.2,24,242.00,0.000,0.000,""
505,GIN,BLUE RIBAND PRE EXTRA GIN,180,759.3,48,114.00,0.000,0.024,"8906111453624"
506,GIN,BLUE RIBAND PREM DUET GIN,750,760.1,12,483.00,1.000,0.004,"8906111453617"
507,GIN,BLUE RIBAND PREM DUET GIN,375,760.2,24,242.00,0.000,0.000,""
508,GIN,BLUE RIBAND PREM DUET GIN,180,760.3,48,118.00,0.000,0.000,""
509,GIN,BOMBAY SAPP LONDON GIN,750,189.1,12,2373.00,1.000,0.003,"7640175740047"
510,GIN,BOMBAY SAPP LONDON GIN,200,189.3,12,771.00,0.000,1.000,""
511,GIN,BOMBAY SAPP PRE CRU GIN,700,188.1,6,4200.00,0.000,0.000,"7640175743642"
512,GIN,BOMBAY SAPP SUNSET GIN,750,187.1,12,2500.00,0.000,0.000,""
513,GIN,BULLDOG LONDON DRY GIN,750,736.1,6,2580.00,0.000,0.000,""
514,GIN,BURNETT'S LONDON DRY GIN,750,262.1,12,2480.00,0.000,0.000,""
515,GIN,CASHEW PURE FENI,750,229.1,12,840.00,0.000,0.000,""
516,GIN,CHAMELEON CLR CHANGE GIN,750,139.1,12,1050.00,0.000,0.002,""
517,GIN,CHERRAPUNJI EAS CRAFT GIN,750,420.1,12,3200.00,0.000,1.000,""
518,GIN,GIG GREAT INDIAN GIN,750,426.1,12,1140.00,0.000,0.005,"8906160521374"
519,GIN,GIG GREAT INDIAN GIN,180,426.3,48,276.00,0.000,0.000,""
520,GIN,GIG GREAT INDIAN GIN,60,426.6,150,90.00,0.000,0.000,"8906160521398"
521,GIN,GIG GREEN APPLE GIN,750,434.1,12,1140.00,0.000,0.004,"8906160520063"
522,GIN,GIG GREEN APPLE GIN,180,434.3,48,282.00,0.000,0.000,""
523,GIN,GIG GREEN APPLE GIN,60,434.6,150,96.00,0.000,0.007,"8906160521459"
524,GIN,GIG NAGPUR ORANGE GIN,750,427.1,12,1140.00,0.000,0.003,"8906131970200"
525,GIN,GIG NAGPUR ORANGE GIN,180,427.3,48,282.00,0.000,0.000,""
526,GIN,GIG NAGPUR ORANGE GIN,60,427.6,150,86.00,0.000,0.011,"8906160521428"
527,GIN,GINARTE DRY GIN,700,957.1,6,6520.00,0.000,0.003,"8003405008789"
528,GIN,GORDONS LONDON DRY GIN,750,527.1,12,1959.00,0.000,0.000,"5000289934237"
529,GIN,GREATER THAN LONDON GIN,750,275.1,12,1204.00,0.000,0.005,""
530,GIN,GREATER THAN LONDON GIN,180,275.4,48,300.00,0.000,0.020,"8908009319302"
531,GIN,HAPUSA HIMALAYAN DRY GIN,750,276.1,12,2304.00,0.000,0.003,""
532,GIN,HENDRICK'S GIN,700,676.1,6,4250.00,0.000,1.001,"5010327755014"
533,GIN,HICHKI GIN,750,814.1,12,1018.00,0.000,1.008,"8908000491106"
534,GIN,JAISALMER CRAFT IND GIN,750,415.1,12,3060.00,0.000,0.006,"8902147019520"
535,GIN,JAISALMER CRAFT IND GIN,180,415.3,48,750.00,0.000,0.013,"8901556001416"
536,GIN,JAISALMER CRAFT IND GIN,60,415.6,150,240.00,0.015,0.008,"8901556001423"
537,GIN,JIN JIJI DARJEELING GIN,750,128.1,12,1860.00,0.000,0.001,"8906166380135"
538,GIN,JIN JIJI INDIA DRY GIN,750,120.1,12,1260.00,0.000,0.000,"8906166380128"
539,GIN,KINGSTON DRY GIN,1000,685.1,12,1818.00,0.000,0.002,"3012993068759"
540,GIN,KUMAON&I HIM ART DRY GIN,700,148.1,12,2555.00,0.000,0.006,"8906166380098"
541,GIN,MCDOWELLS PREMIUM DRY GIN,750,155.1,12,959.00,1.000,0.010,"8902967501236"
542,GIN,MCDOWELLS PREMIUM DRY GIN,180,155.3,48,239.00,0.000,0.030,"8902967501243"
543,GIN,NISAKI INDIAN DRY GIN,750,570.1,12,2210.00,0.000,0.006,"8908023428004"
544,GIN,NOVELZ PASSIONATE GIN,750,323.1,12,950.00,0.000,0.000,""
545,GIN,NOVELZ PASSIONATE GIN,60,323.6,150,80.00,0.000,0.008,"8904011614572"
546,GIN,ROKU GIN,700,540.1,6,4260.00,0.000,1.000,"4901777305359"
547,GIN,ROULETTE LONDON DRY GIN,750,607.1,12,1160.00,0.006,0.005,""
548,GIN,SAMSARA INDIAN GIN,750,577.1,12,1500.00,0.000,0.000,""
549,GIN,SAMSARA LEMON SECRET GIN,750,456.1,12,1740.00,0.000,0.000,""
550,GIN,SAMSARA PINK GIN,750,578.1,12,1740.00,0.000,0.000,""
551,GIN,SATIWA B V F H CRAFT GIN,750,130.1,12,1800.00,0.000,0.009,"8904018802521"
552,GIN,SATIWA B V F H CRAFT GIN,180,130.3,48,450.00,0.000,0.014,""
553,GIN,SATIWA HEMP CRAFT GIN,750,89.1,12,1600.00,0.000,0.006,""
554,GIN,SATIWA HEMP CRAFT GIN,180,89.3,48,400.00,0.000,0.017,""
555,GIN,SATIWA PASSION GIN,750,90.1,12,1800.00,0.000,0.005,"8904018801319"
556,GIN,SATIWA PASSION GIN,180,90.3,48,450.00,0.000,0.014,""
557,GIN,STRANGER & SONS GIN,700,254.1,12,1950.00,0.000,1.000,""
558,GIN,TANQRY RANGPUR LIME D GIN,700,86.1,6,3208.00,0.000,1.000,"5000291025930"
559,GIN,TANQUERAU MALACCA DIS GIN,700,83.1,6,3208.00,0.000,1.001,"5000291023387"
560,GIN,TANQUERAY LONDON DRY GIN,750,525.1,12,2184.00,0.000,0.009,"5000291020706"
561,GIN,TANQUERAY NO.TEN B D GIN,1000,526.1,12,5320.00,0.000,0.002,"5000281016689"
562,GIN,THE BOTANIST ISLAY DRYGIN,700,729.1,6,6291.00,0.000,0.003,"5055807414203"
563,GIN,THE WAREHOUSE GIN,750,815.1,12,432.00,0.000,0.000,""
564,GIN,THE WAREHOUSE GIN,375,815.2,24,216.00,0.000,0.000,"8904011603644"
565,GIN,THE WAREHOUSE GIN,180,815.3,48,108.00,0.000,0.000,""
566,GIN,TICKLE DRY GIN,750,277.1,12,1040.00,0.000,1.001,"8906037280380"
567,GIN,TOM & MEW LONDON DRY GIN,700,936.1,6,2040.00,0.000,1.001,"8908009077172"
568,GIN,VANAHA ARTISAN FOREST GIN,750,537.1,12,2830.00,0.006,0.002,""
569,GIN,VIN SOUTH SPICE GIN DUET,750,284.1,12,402.00,0.000,0.000,""
570,GIN,VIN SOUTH SPICE GIN DUET,375,284.2,24,204.00,0.000,0.000,""
571,GIN,VIN SOUTH SPICE GIN DUET,180,284.3,48,102.00,0.000,0.045,"8904011604351"
572,GIN,VIN SOUTHERN SPICE MATURE,750,714.1,12,402.00,0.000,0.000,""
573,GIN,VIN SOUTHERN SPICE MATURE,375,714.2,24,204.00,0.000,0.000,""
574,GIN,VIN SOUTHERN SPICE MATURE,180,714.3,48,102.00,0.000,0.029,"8904011604252"
575,LIQUEUR,AMARO MONTENEGRO,750,546.1,12,3586.00,0.000,0.000,"8000330012317"
576,LIQUEUR,AMARULA FRUIT CREAM,750,208.1,12,3636.00,0.000,0.000,"6001495062508"
577,LIQUEUR,APEROL,700,687.1,6,0.00,0.000,0.000,""
578,LIQUEUR,BAILEYS IRISH CREAM,750,333.1,12,2661.00,0.000,1.000,"5011013100132"
579,LIQUEUR,BAILEYS SCRUMPTIOUS SALTE,750,170.1,12,2919.00,2.000,0.005,"5011013938339"
580,LIQUEUR,BANDARFUL I C B C LIQUEUR,750,123.1,12,1806.00,0.000,0.009,"8906166380166"
581,LIQUEUR,BONGA BONGA MYSTERY LIQ,750,565.1,6,2640.00,1.000,0.003,"8906169710335"
582,LIQUEUR,CAMPARI MILANO BITTER,750,690.1,12,2880.00,0.000,0.000,""
583,LIQUEUR,COINTREAU,1000,296.4,12,5348.00,0.000,0.000,"3035542001908"
584,LIQUEUR,COINTREAU,700,296.1,12,3850.00,0.000,0.002,""
585,LIQUEUR,JAGERMEISTER,750,557.1,12,4013.00,1.000,1.000,"4067700012586"
586,LIQUEUR,JAGERMEISTER,375,557.2,24,2132.00,0.000,0.000,"4067700013484"
587,LIQUEUR,JAGERMEISTER,50,557.6,120,384.00,0.000,0.014,"42427216"
588,LIQUEUR,JAKOB STEINER LIQUEUR,700,949.1,6,2999.00,0.000,0.000,""
589,LIQUEUR,KAHLUA,750,195.1,12,2110.00,0.000,1.000,"7610594252223"
590,LIQUEUR,MALIBU LIQUEUR,700,41.1,6,2360.00,0.000,0.005,"5010284100018"
591,LIQUEUR,MEUKOW VANILLA COGNAC LIQ,500,379.1,6,5542.00,0.000,0.001,""
592,LIQUEUR,MEUKOW XPRESSO LIQUEUR,500,539.1,6,5524.00,0.000,0.002,"3257150102178"
593,LIQUEUR,MOLINARI SAMBUCA EXTRA,750,203.1,12,3714.00,0.000,0.003,"8002095200046"
594,LIQUEUR,RICARD PASTIS DE MARSEILE,750,181.1,12,2200.00,0.000,0.002,""
595,LIQUEUR,THE W H CHOCOLATE LIQUEUR,750,717.1,12,510.00,0.000,0.000,""
596,LIQUEUR,THE W H COFFEE LIQUEUR,750,716.1,12,510.00,0.000,0.000,""
597,LIQUEUR,TICONNIE COFFEE LIQUEUR,750,158.1,12,960.00,0.000,0.003,"8906037280144"
598,LIQUEUR,TICONNIE PEACHY LIQUEUR,750,159.1,12,960.00,0.000,0.005,"8906037280892"
599,LIQUEUR,TICONNIE SAMBUCA LIQUEUR,750,160.1,12,1175.00,0.000,0.004,"8906037280724"
600,LIQUEUR,TICONNIE TRIPLE SEC LIQ,750,168.1,12,1175.00,0.000,0.000,"8906037280731"
601,LIQUEUR,TRIPLE SEC LIQUEUR,750,408.1,12,1670.00,0.000,0.000,"3162044111689"
602,OTHERS,CLOTH BAG,PLAI,15.1,50,10.00,13.020,0.004,""
603,OTHERS,CLOTH BAG,JX,15.2,50,5.00,0.000,0.000,""
604,OTHERS,COOLDRINKS,740,5.1,24,40.00,3.000,1.006,"8901764012709"
605,OTHERS,GINGER ALE,300,531.1,24,60.00,1.000,0.019,"8901764211256"
606,OTHERS,ICE ADE COCKTAIL MIXTURE,230,50.1,1,150.00,26.000,3.000,""
607,OTHERS,KOREAN SOJU CHUM CHURUM,360,627.2,20,422.00,0.000,0.000,""
608,OTHERS,PACKAGED DRINKING WATER,1000,1.1,15,18.00,2.000,1.008,"8901764082405"
609,OTHERS,PACKING AIR BAG,PLAI,67.1,1,30.00,100.000,1.000,""
610,OTHERS,PENDING CASES,000,600.1,1,0.00,0.000,0.000,""
611,OTHERS,RED BULL ENERGY DRINK,250,163.1,24,125.00,2.000,0.012,"90162602"
612,OTHERS,REDBULL GREEN EDITION,250,316.1,24,125.00,1.000,0.023,"90474927"
613,OTHERS,REDBULL RED EDITION,250,317.1,24,125.00,1.000,1.010,"90448249"
614,OTHERS,REDBULL SUGAR FREE,250,319.1,24,125.00,2.000,0.023,"90162800"
615,OTHERS,REDBULL YELLOW EDITION,250,318.1,24,125.00,1.000,1.002,"90435935"
616,OTHERS,SODA,750,4.1,24,20.00,3.000,0.023,"8901764072277"
617,OTHERS,TONIC WATER,300,980.1,24,60.00,0.000,0.000,"8901764241253"
618,RTD,BACARDI + CRANBERRY,275,136.1,24,110.00,8.000,0.006,"8902136512049"
619,RTD,BACARDI + LIMONADE,275,478.1,24,110.00,8.000,0.009,"8902136511042"
620,RTD,BACARDI + ORANGE,275,364.1,24,110.00,4.000,1.023,"8902136513046"
621,RTD,BREEZER BLACKBERRY,275,77.1,24,110.00,9.000,0.006,"8902136503023"
622,RTD,BREEZER BLUEBERRY,275,212.1,24,110.00,6.000,1.003,"8902136505027"
623,RTD,BREEZER CANBERRY,275,45.1,24,110.00,14.000,0.010,"8902136502026"
624,RTD,BREEZER JAMACIAN,275,96.1,24,110.00,4.000,0.007,"8902136504020"
625,RTD,BREEZER MANGO,275,340.1,24,110.00,7.000,0.005,"8905664282026"
626,RTD,BREEZER ORANGE,275,36.1,24,110.00,0.000,0.000,""
627,RTD,BREEZER PUNCH CITRUS,275,561.1,24,110.00,0.000,0.000,""
628,RTD,BREEZER WATER MELON,275,215.1,24,110.00,6.000,0.022,"8902136576027"
629,RTD,BRO CODE KRAFT SEKT,330,74.1,24,230.00,13.000,0.022,"8908009077202"
630,RTD,BRO RED CARMINE,330,568.1,24,228.00,2.000,0.018,"8906169710151"
631,RTD,BROSE BUZZ,330,82.1,24,246.00,1.000,0.012,"8906169710236"
632,RTD,DISCO PANDA HOPPY MAGIC,375,462.1,24,180.00,0.000,0.000,"8906160520254"
633,RTD,DISCO PANDA HOPPY MANIA,330,800.1,24,222.00,0.000,0.022,""
634,RTD,DISCO PANDA LEMON SHANDY,330,810.1,24,228.00,0.000,0.015,""
635,RTD,DISCO PANDA PILSEN STRONG,375,444.1,24,180.00,0.000,0.000,""
636,RTD,FLOAT MASALA LEMONADE,275,547.1,24,110.00,1.012,0.015,"8908021834173"
637,RTD,FLOAT SPARKLING ORANGE,275,548.1,24,110.00,3.012,0.001,"8908021834227"
638,RTD,FLOAT VODKA CRANBERRY,275,549.1,24,110.00,3.000,1.001,"8908021834210"
639,RTD,FRATELLI SHOT GUN,330,550.2,24,225.00,0.000,0.009,"8906073181801"
640,RTD,INACAN COLLINS,250,919.1,24,160.00,0.000,0.000,""
641,RTD,INACAN GIN,250,921.1,24,160.00,0.000,0.000,""
642,RTD,INACAN LATTE,250,878.1,24,160.00,0.000,0.000,""
643,RTD,INACAN LIIT,250,877.1,24,160.00,0.000,0.000,""
644,RTD,INACAN MULE,250,879.1,24,160.00,0.000,0.000,""
645,RTD,JACK DANIELS TENNESS COLA,330,923.1,24,279.00,0.000,0.000,""
646,RTD,NOI SPRITZER CLASSICO CAN,250,844.1,24,172.00,0.000,0.010,"8906073181238"
647,RTD,O BE PEPPY LONG ICED TEA,330,928.1,24,160.00,0.000,0.000,""
648,RTD,O BE PLUCKY WHISKEY SOUR,330,925.1,24,120.00,0.000,0.000,""
649,RTD,O BE POISED GIN AND TONIC,330,927.1,24,130.00,0.000,0.000,""
650,RTD,O BE PRIMO COSMOPOLITAN,330,926.1,24,130.00,0.000,0.000,""
651,RTD,O BE SPIRITED MOJITO,330,924.1,24,130.00,0.000,0.000,""
652,RTD,PLUNGE BERRY BOMB,330,761.1,24,135.00,2.000,0.023,"8908021834104"
653,RTD,PLUNGE LEMON MINT MOJITO,330,762.1,24,135.00,2.000,0.006,"8908021834111"
654,RTD,PLUNGE MANGO GIN,330,763.1,24,135.00,1.000,0.008,"8908021834128"
655,RTD,PLUNGE ORANGE SCREWDRIVER,330,764.1,24,135.00,0.000,0.023,"8908021834081"
656,RTD,PLUNGE TROPICAL PINACOLDA,330,765.1,24,135.00,1.000,0.020,"8908021834067"
657,RTD,PLUNGE WATERMELON MINT,330,766.1,24,135.00,3.000,0.002,"8908021834074"
658,RTD,PURSUE ELDERFLOWER& YUZU,500,419.2,24,164.00,0.000,0.000,"8906113542005"
659,RTD,PURSUE ELDERFLOWER& YUZU,330,419.1,12,134.00,1.000,0.009,""
660,RTD,PURSUE MANGO&CHIL SELTZER,500,413.2,24,164.00,0.000,0.000,""
661,RTD,PURSUE MANGO&CHIL SELTZER,330,413.1,12,134.00,1.000,0.006,""
662,RTD,PURSUE MOSAMBI SELTZER,500,414.2,24,164.00,0.000,0.000,"8906113542111"
663,RTD,PURSUE MOSAMBI SELTZER,330,414.1,12,134.00,0.000,0.011,""
664,RTD,PURSUE PEACH&TEA SELTZER,500,411.2,24,164.00,0.000,0.000,""
665,RTD,PURSUE PEACH&TEA SELTZER,330,411.1,12,134.00,1.000,0.006,""
666,RTD,PURSUE STRAWBERRY SELTZER,500,412.2,24,164.00,0.000,0.000,"8906113542128"
667,RTD,PURSUE STRAWBERRY SELTZER,330,412.1,12,134.00,0.000,1.000,""
668,RTD,SONIC BLACK,330,571.1,24,174.00,2.000,1.000,""
669,RTD,TILT BUBBLY CAN,250,847.1,24,209.00,0.000,0.008,"8906073181221"
670,RTD,TILT BUBBLY ROSE CAN,250,868.1,24,209.00,0.000,0.008,"8906073181214"
671,RTD,TILT RED CAN,250,848.1,24,209.00,0.000,0.005,""
672,RTD,TILT WHITE CAN,250,861.1,24,209.00,0.000,0.005,"8906073181207"
673,RUM,1965 LEMON DASH PREM RUM,750,344.1,12,900.00,1.000,1.000,"8907801018628"
674,RUM,1965 LEMON DASH PREM RUM,180,344.3,48,225.00,0.000,0.006,"8907801018642"
675,RUM,ALEJANDRO CRAFT DARK RUM,750,362.1,12,1200.00,0.000,0.000,"8906037281325"
676,RUM,AMRUT TWO INDIES RUM,750,996.1,12,1346.00,0.000,0.008,""
677,RUM,ASURA XXX RUM,750,423.1,12,480.00,0.000,0.000,"8908010285122"
678,RUM,ASURA XXX RUM,180,423.3,48,120.00,0.000,0.000,"8908010285146"
679,RUM,BACARDI ANEJO 4 YRS RUM,750,241.1,12,2631.00,0.000,0.003,"080480983383"
680,RUM,BACARDI CARTA BLANCA RUM,1000,184.4,9,1174.00,1.000,1.001,"8902136020100"
681,RUM,BACARDI CARTA BLANCA RUM,750,184.1,12,912.00,2.000,0.003,"8902136020018"
682,RUM,BACARDI CARTA BLANCA RUM,375,184.2,24,482.00,0.012,0.008,"8902136020025"
683,RUM,BACARDI CARTA BLANCA RUM,180,184.3,48,226.00,1.000,0.016,"8902136020032"
684,RUM,BACARDI CARTA BLANCA RUM,60,184.6,150,83.00,1.000,0.029,"8902136020049"
685,RUM,BACARDI GINGER RUM,750,751.1,12,1062.00,2.000,0.005,"8905664004260"
686,RUM,BACARDI GINGER RUM,375,751.3,24,531.00,0.000,0.014,"8905664004277"
687,RUM,BACARDI GINGER RUM,180,751.5,48,264.00,0.000,0.023,"8905664004284"
688,RUM,BACARDI GOLD RUM,750,219.1,12,912.00,0.000,1.001,"8902136014017"
689,RUM,BACARDI GUVA ORIGINAL RUM,750,245.1,12,1036.00,3.000,0.005,"8902136060267"
690,RUM,BACARDI GUVA ORIGINAL RUM,375,245.2,24,520.00,0.000,1.000,"8902136060274"
691,RUM,BACARDI GUVA ORIGINAL RUM,180,245.3,48,255.00,1.000,0.004,"8902136060281"
692,RUM,BACARDI LIMON RUM,750,102.1,12,1036.00,4.000,0.007,"8902136003264"
693,RUM,BACARDI LIMON RUM,375,102.2,24,520.00,1.000,0.015,"8902136003271"
694,RUM,BACARDI LIMON RUM,180,102.3,48,255.00,1.000,0.045,"8902136003288"
695,RUM,BACARDI LIMON RUM,60,102.6,150,89.00,1.025,0.000,"8902136003295"
696,RUM,BACARDI MANGO CHILLI RUM,750,129.1,12,1062.00,1.000,0.010,"8905664014016"
697,RUM,BACARDI MANGO CHILLI RUM,375,129.2,24,531.00,1.000,0.011,"8905664014023"
698,RUM,BACARDI MANGO CHILLI RUM,180,129.3,48,264.00,1.000,0.008,"8905664014030"
699,RUM,BACARDI OCHO RUM,750,401.1,12,4061.00,0.003,0.001,"7610113001387"
700,RUM,BACARDI ORANGE RUM,750,238.1,12,1036.00,3.000,0.006,"8902136009266"
701,RUM,BACARDI ORANGE RUM,375,238.2,24,520.00,2.000,0.009,"8902136009273"
702,RUM,BACARDI ORANGE RUM,180,238.3,48,255.00,1.000,0.008,"8902136009280"
703,RUM,BACARDI ORANGE RUM,60,238.6,150,89.00,1.025,0.135,"8902136009297"
704,RUM,BLACK LABEL RUM,750,712.1,12,240.00,0.000,0.000,"8904011600827"
705,RUM,BLACKBY BACARDI CLAS RUM,750,361.1,12,574.00,4.000,1.000,"8902136855016"
706,RUM,BLACKBY BACARDI CLAS RUM,375,361.2,24,287.00,1.000,0.004,"8902136855023"
707,RUM,BLACKBY BACARDI CLAS RUM,180,361.3,48,141.00,0.000,0.036,"8902136855030"
708,RUM,CABO COCONUT WHITE RUM,750,20.1,12,846.00,3.000,0.011,"8906037280090"
709,RUM,CALENDER PREMIUM RUM,750,896.1,12,568.00,1.000,0.005,""
710,RUM,CAPTAIN MORGAN RUM,750,325.1,12,672.00,0.000,0.000,""
711,RUM,CAPTAIN MORGAN RUM,180,325.3,48,0.00,0.000,0.000,""
712,RUM,DIAMOND CUP XXX RUM,750,609.1,12,180.00,0.000,0.000,""
713,RUM,EASTCOAST XXX RUM,750,554.1,12,550.00,0.000,0.005,"8906178910542"
714,RUM,EMBARGO ANEJO BLANCO,700,994.1,12,4488.00,0.000,0.004,"3770005053031"
715,RUM,HAVANA CLUB 3YO RUM,700,440.1,6,3928.00,0.000,0.000,""
716,RUM,HERCULES 3X DELUX RUM,750,79.1,12,760.00,0.000,0.000,"8901503130947"
717,RUM,HERCULES 3X DELUX RUM,375,79.2,24,383.00,0.000,0.000,""
718,RUM,HERCULES 3X DELUX RUM,180,79.3,48,190.00,0.000,0.000,""
719,RUM,HERCULES BIANCO WHITE RUM,750,84.1,12,760.00,0.000,0.000,"8901503120849"
720,RUM,HERCULES BIANCO WHITE RUM,375,84.2,24,383.00,0.000,0.000,""
721,RUM,HERCULES BIANCO WHITE RUM,180,84.3,48,190.00,0.000,0.000,""
722,RUM,MAKA ZAI WHITE RUM,750,387.1,12,1296.00,0.000,0.003,"8908015831003"
723,RUM,MCDOWELL NO1 SPL RES RUM,750,511.1,12,500.00,0.000,0.000,""
724,RUM,MCDOWELL OLD CASK XXX RUM,1000,81.4,9,624.00,1.000,0.007,"8906111450708"
725,RUM,MCDOWELL OLD CASK XXX RUM,750,81.1,12,470.00,2.000,0.007,"8906111450692"
726,RUM,MCDOWELL OLD CASK XXX RUM,500,81.5,18,315.00,1.000,0.005,"8906111450685"
727,RUM,MCDOWELL OLD CASK XXX RUM,375,81.2,24,237.00,0.000,1.000,"8906111450678"
728,RUM,MCDOWELL OLD CASK XXX RUM,180,81.3,48,114.00,0.024,0.000,"8906111450661"
729,RUM,MCDOWELL OLD CASK XXX RUM,90,81.7,96,58.00,0.048,0.000,"8906111450654"
730,RUM,MCDOWELLS PREM CITRON RUM,750,162.1,12,1004.00,20.000,1.009,"8902967403899"
731,RUM,MCDOWELLS PREM CITRON RUM,180,162.3,48,255.00,7.000,1.004,"8902967403905"
732,RUM,MCDOWELLS PREM DARK RUM,750,220.1,12,813.00,1.000,1.005,"8902967403875"
733,RUM,MCDOWELLS PREM DARK RUM,180,220.3,48,206.00,1.024,0.015,"8902967403882"
734,RUM,MGM NO 1 XXX RUM,750,329.1,12,360.00,0.000,0.000,""
735,RUM,MOUNT GAY RUM ECLIPSE,700,468.1,6,3586.00,0.000,0.000,"9501007100508"
736,RUM,MOUNT GAY RUM SILVER,700,654.1,6,2866.00,0.000,0.000,""
737,RUM,OCHRE SB MANGO CITRON RUM,750,767.1,12,1380.00,0.000,0.001,"8904018803405"
738,RUM,OCHRE SB NUTTY BERRY RUM,750,768.1,12,1380.00,0.000,0.002,""
739,RUM,OLD CRUIZE SUPER XXX RUM,500,683.5,18,288.00,0.000,0.000,""
740,RUM,OLD CRUIZE SUPER XXX RUM,60,683.6,150,36.00,0.000,0.000,""
741,RUM,OLD MONK AMBER MELLOW RUM,750,887.1,12,1250.00,1.000,0.004,"8901131780033"
742,RUM,OLD MONK APPLE RUM,750,392.1,12,800.00,1.000,0.005,"8901131830035"
743,RUM,OLD MONK COFFEE XO RUM,750,888.1,12,1250.00,0.000,0.006,"8901131723474"
744,RUM,OLD MONK GOLD RESERVE RUM,750,174.1,12,800.00,1.000,0.004,"8901131456785"
745,RUM,OLD MONK LEGEND RUM,1000,265.4,9,1020.00,0.000,0.000,""
746,RUM,OLD MONK LEGEND RUM,750,265.1,12,1020.00,3.000,0.007,"8901131740051"
747,RUM,OLD MONK LEGEND RUM,180,265.3,48,255.00,0.000,0.033,"8901131810044"
748,RUM,OLD MONK LEMON RUM,750,393.1,12,800.00,0.000,0.000,""
749,RUM,OLD MONK RUM,750,152.1,12,520.00,10.000,2.000,"8901131720732"
750,RUM,OLD MONK RUM,500,152.5,18,345.00,2.000,0.004,"8901131721302"
751,RUM,OLD MONK RUM,375,152.2,24,260.00,3.000,0.015,"8901131720749"
752,RUM,OLD MONK RUM,180,152.3,48,130.00,3.000,0.044,"8901131720756"
753,RUM,OLD MONK RUM,90,152.7,100,65.00,1.000,0.069,""
754,RUM,OLD MONK SUPREME VAT RUM,750,263.1,12,850.00,1.000,1.000,"8901131199439"
755,RUM,OLD MONK WHITE RUM,750,147.1,12,800.00,0.000,0.008,"8901131199606"
756,RUM,OLD MONK WHITE RUM,375,147.2,24,0.00,0.000,0.000,""
757,RUM,OLD MONK WHITE RUM,180,147.3,48,0.00,0.000,0.000,""
758,RUM,ROCK PAPER RUM COASTAL WT,750,115.1,12,840.00,0.000,0.000,"8906184500119"
759,RUM,ROCK PAPER RUM COASTAL WT,180,115.2,48,210.00,0.000,0.019,"8906184500072"
760,RUM,ROCK PAPER RUM INDIAN SPI,750,111.1,12,990.00,0.000,0.000,"8906184500102"
761,RUM,ROCK PAPER RUM INDIAN SPI,180,111.2,48,250.00,0.000,0.025,"8906184500065"
762,RUM,ROCK PAPER RUM ROAST COFF,750,112.1,12,990.00,0.000,0.006,"8906184500010"
763,RUM,ROCK PAPER RUM ROAST COFF,180,112.2,48,250.00,0.000,0.000,"8906184500027"
764,RUM,ROCK PAPER RUM T COCONUT,750,113.1,12,990.00,0.000,0.000,"8906184500003"
765,RUM,ROCK PAPER RUM T COCONUT,180,113.2,48,250.00,0.000,0.008,"8906184500034"
766,RUM,ROCK PAPER RUM ZESTY LEMO,750,114.1,12,990.00,1.000,0.008,"8906184500089"
767,RUM,ROCK PAPER RUM ZESTY LEMO,180,114.2,48,250.00,0.000,0.017,"8906184500041"
768,RUM,SATIWA HEMP CRAFT RUM,750,91.1,12,1600.00,1.000,0.001,"8904018802033"
769,RUM,SATIWA HEMP CRAFT RUM,180,91.3,48,400.00,0.000,0.013,""
770,RUM,SITARA BOTANICAL RUM,750,457.1,12,1500.00,0.000,0.000,""
771,SCOTCH,100 PIPERS 12YRS SCOTCH,750,151.1,12,2290.00,0.000,0.000,"8901522000368"
772,SCOTCH,100 PIPERS SCOTCH WHISKY,750,48.1,12,1700.00,3.000,0.008,"8901522000405"
773,SCOTCH,100 PIPERS SCOTCH WHISKY,375,48.2,24,850.00,0.000,0.018,"8901522001402"
774,SCOTCH,100 PIPERS SCOTCH WHISKY,180,48.3,48,425.00,0.000,0.035,"8901522002409"
775,SCOTCH,100 PIPERS SCOTCH WHISKY,60,48.6,150,144.00,0.050,0.022,"8901522004403"
776,SCOTCH,ABERFELDY 12 YRS SCOTCH,750,402.1,6,5966.00,0.000,0.004,"5000277003457"
777,SCOTCH,AMRUT FUSN SINGLE WHISKY,750,131.1,12,3294.00,1.000,0.003,"8901193500969"
778,SCOTCH,AULTMORE 12 YRS SCOTCH,700,224.1,6,6330.00,0.000,0.002,"5000277000265"
779,SCOTCH,BALLANTINE 7YRS OLD WHY,750,757.1,6,3180.00,0.000,1.000,"5000299628096"
780,SCOTCH,BALLANTINES SCOTCH WHISKY,750,166.1,12,2280.00,4.000,0.007,"5010106111451"
781,SCOTCH,BALLANTINES SCOTCH WHISKY,200,166.3,24,670.00,1.000,0.021,"5010106113493"
782,SCOTCH,BALLANTINES SCOTCH WHISKY,50,166.6,120,200.00,0.060,0.027,"5010106113912"
783,SCOTCH,BARRHEADS ONE SPEYSIDE SM,700,916.1,12,4900.00,0.000,0.005,"8906052776561"
784,SCOTCH,BLACK & WHITE SCOTCH WHY,750,17.1,12,1761.00,4.000,1.004,"8901655109129"
785,SCOTCH,BLACK & WHITE SCOTCH WHY,180,17.3,48,448.00,0.024,0.020,"8901655109150"
786,SCOTCH,BLACK & WHITE SCOTCH WHY,60,17.6,150,168.00,0.050,0.032,"8901655109259"
787,SCOTCH,BLACK BOTTLE BLEND SC WKY,700,967.1,12,4050.00,0.000,0.010,"5029704111442"
788,SCOTCH,BLACK DOG CENTENARY,2000,363.8,4,3868.00,1.000,0.003,"8902967100415"
789,SCOTCH,BLACK DOG CENTENARY,750,363.1,12,1673.00,3.000,0.011,"8902967100439"
790,SCOTCH,BLACK DOG CENTENARY,375,363.2,24,840.00,0.000,0.016,"8902967100446"
791,SCOTCH,BLACK DOG CENTENARY,180,363.3,48,418.00,0.036,0.021,"8902967100620"
792,SCOTCH,BLACK DOG CENTENARY,60,363.6,150,156.00,0.075,0.043,"8902967100460"
793,SCOTCH,BLACK DOG SCOTCH WHISKY,2000,59.8,4,5624.00,0.000,1.000,"8902967100545"
794,SCOTCH,BLACK DOG SCOTCH WHISKY,750,59.1,12,2337.00,1.000,0.004,"8902967100484"
795,SCOTCH,BLACK DOG SCOTCH WHISKY,375,59.2,24,1170.00,0.000,0.010,"8902967100491"
796,SCOTCH,BLACK DOG SCOTCH WHISKY,180,59.3,48,573.00,0.000,0.046,"8902967100613"
797,SCOTCH,BLACK DOG SCOTCH WHISKY,60,59.6,150,203.00,0.000,0.044,"8902967100514"
798,SCOTCH,BOWMORE ISLAY SIG MAL 12Y,700,542.1,6,5970.00,0.000,0.003,"5010496080818"
799,SCOTCH,BRUICHLADDICH CLASSIC LAD,700,649.1,6,7854.00,0.000,0.000,""
800,SCOTCH,CAOLILA AGED SINGLE MALT,750,398.1,6,6123.00,0.000,0.005,"5000281016313"
801,SCOTCH,CHIVAS REG GOLD 18 YEARS,750,202.1,6,8340.00,0.000,0.003,"5000299225028"
802,SCOTCH,CHIVAS REGAL AGED 15 SCOT,750,65.1,6,6170.00,0.000,0.003,"5000299622094"
803,SCOTCH,CHIVASREGAL SCOTCH WHISKY,750,167.1,12,3960.00,1.000,0.010,"5000299635643"
804,SCOTCH,CHIVASREGAL SCOTCH WHISKY,200,167.3,24,1270.00,1.000,0.018,"080432400364"
805,SCOTCH,CHIVASREGAL SCOTCH WHISKY,50,167.6,120,354.00,0.000,0.063,"080432400340"
806,SCOTCH,COPPER DOG SPEYSIDE SCOTC,700,93.1,6,4304.00,0.000,1.002,"5000267165493"
807,SCOTCH,CRAGGANMORE SIN MALT SCOT,750,670.1,6,5223.00,0.000,0.004,"5000281002897"
808,SCOTCH,CRAIGELLACHIE 13YRS WHY,700,230.1,12,0.00,0.000,0.000,""
809,SCOTCH,CUTTY SARK SCOTCH WHISKY,1000,161.4,12,2580.00,0.000,1.000,""
810,SCOTCH,CUTTY SARK SCOTCH WHISKY,750,161.1,12,1368.00,0.000,0.000,""
811,SCOTCH,DALWHINNIE HIGLAND SINGLE,750,671.1,6,7343.00,0.000,0.002,"5000281002880"
812,SCOTCH,DEWARS 15 YRS SCOTCH,750,283.1,12,4862.00,0.000,0.003,"5000277005130"
813,SCOTCH,DEWARS AGED 18 YRS,750,287.1,6,8366.00,0.000,0.003,"5000277001774"
814,SCOTCH,DEWARS BLE SCOTCH 21 YRS,500,306.1,6,12544.00,0.000,0.001,"7640171033013"
815,SCOTCH,DEWARS BLEN SCOTCH 8 YRS,700,305.1,12,2657.00,0.000,0.000,"7640171038001"
816,SCOTCH,DEWARS SPL 12YRS SCOTCH,750,222.1,12,4062.00,0.000,0.004,"5000277002535"
817,SCOTCH,DEWARS WHITE LABEL SCOTCH,750,221.1,12,1634.00,3.000,0.005,"8902136856013"
818,SCOTCH,DEWARS WHITE LABEL SCOTCH,375,221.2,24,832.00,0.000,0.018,"8902136856020"
819,SCOTCH,DEWARS WHITE LABEL SCOTCH,180,221.3,48,416.00,0.000,0.030,"8902136856037"
820,SCOTCH,DEWARS WHITE LABEL SCOTCH,60,221.6,150,142.00,0.000,0.037,"8902136856044"
821,SCOTCH,FORTLAND SCOTCH WHISKY,750,53.1,12,3214.00,0.000,0.000,""
822,SCOTCH,GLENFIDDICH 12 Y O SM S W,700,583.1,12,5885.00,1.000,0.006,"5010327000176"
823,SCOTCH,GLENFIDDICH 15 Y O SM S W,700,46.1,12,8500.00,0.000,0.009,"5010327325125"
824,SCOTCH,GLENGRANT SINGLE MALT 10Y,750,631.1,6,4440.00,0.000,0.004,"8000432620878"
825,SCOTCH,GLENGRANT SINGLE MALT 12Y,750,945.1,6,4920.00,0.000,0.003,"721059002349"
826,SCOTCH,GLENKINCHIE SINGLE MALT,750,399.1,6,5954.00,0.000,0.000,"5000281021980"
827,SCOTCH,GLENLIVET 12 YRS SCOTCH,700,182.1,6,5670.00,0.000,1.000,"080432402825"
828,SCOTCH,GLENLIVET 12 YRS SCOTCH,50,182.6,120,444.00,0.000,0.000,""
829,SCOTCH,GLENLIVET 15 YRS SCOTCH,700,183.1,6,8160.00,0.000,0.002,"5000299295021"
830,SCOTCH,GLENLIVET CARIBEAN SCOT,700,217.1,6,4960.00,0.000,0.003,"5000299627471"
831,SCOTCH,GLENMORANGIE 10YRS SCOTCH,750,310.1,6,5273.00,0.000,0.000,""
832,SCOTCH,GLENMORANGIE LASANTA,750,469.1,6,5616.00,0.000,0.000,""
833,SCOTCH,GODAWAN S M F&S A WHY NO2,700,126.1,12,3459.00,0.006,0.006,"8902967214303"
834,SCOTCH,GODAWAN S M R&R A WHY NO1,700,125.1,12,3459.00,0.000,1.002,"8902967214280"
835,SCOTCH,GRANTS TRIPLE WOOD B S WY,750,585.1,12,2105.00,0.000,0.003,"5010327000046"
836,SCOTCH,HIGH LAND QUEEN,700,647.1,12,1878.00,0.000,0.000,""
837,SCOTCH,J & B RARE SCOTCH WHISKY,750,339.1,12,2319.00,0.000,0.011,"5010103800303"
838,SCOTCH,J & B RARE SCOTCH WHISKY,200,339.3,48,684.00,0.000,0.000,""
839,SCOTCH,J W BLONDE BLENDED SC WKY,700,944.1,12,2993.00,2.000,0.007,"5000267190525"
840,SCOTCH,JACK DANIELS GM JACK WHY,750,612.1,12,5537.00,0.000,0.000,"082184038727"
841,SCOTCH,JACK DANIELS OLD NO.7 WHY,750,109.1,12,4412.00,0.000,0.011,"082184090466"
842,SCOTCH,JACK DANIELS OLD NO.7 WHY,375,109.2,24,0.00,0.000,0.000,""
843,SCOTCH,JACK DANIELS OLD NO.7 WHY,200,109.3,48,0.00,0.000,0.000,""
844,SCOTCH,JACK DANIELS OLD NO.7 WHY,200,109.4,24,0.00,0.000,0.000,""
845,SCOTCH,JACK DANIELS OLD NO.7 WHY,50,109.6,180,341.00,2.030,0.047,"5099873046296"
846,SCOTCH,JACK DANIELS ORGINA HONEY,750,143.1,12,4414.00,0.000,0.000,"082184000335"
847,SCOTCH,JACK DANIELS ORGINA HONEY,375,143.2,24,0.00,0.000,0.000,""
848,SCOTCH,JACK DANIELS ORGINAL FIRE,750,680.1,12,4414.00,0.000,0.000,""
849,SCOTCH,JACK DANIELS S BARREL STW,750,629.1,12,9084.00,0.000,0.000,""
850,SCOTCH,JACK DANIELS S BARREL STW,750,629.2,6,0.00,0.000,0.000,""
851,SCOTCH,JAMESON IRISH WHISKY,750,169.1,12,2670.00,2.000,0.004,"5011007003029"
852,SCOTCH,JIM BEAM BLACK BOURBON WY,750,544.1,12,4420.00,0.000,0.005,"080686034414"
853,SCOTCH,JIM BEAM HONEY,750,965.1,12,4060.00,0.000,0.007,"5010278103186"
854,SCOTCH,JIM BEAM KENT BOURBON WHY,750,281.1,12,1960.00,4.000,1.000,"8901488000532"
855,SCOTCH,JIM BEAM KENT BOURBON WHY,180,281.3,48,485.00,0.000,0.026,"8901488000563"
856,SCOTCH,JIM BEAM KENT BOURBON WHY,60,281.6,150,132.00,0.000,0.000,""
857,SCOTCH,JIM BEAM ORANGE,750,964.1,12,4060.00,0.000,0.005,"5010278103179"
858,SCOTCH,JOHN BARR RESERVE SCOTCH,750,664.1,12,2394.00,0.000,0.000,"5013967004030"
859,SCOTCH,JOHNNIE WALKER AGE 18 YRS,750,390.1,6,9759.00,0.000,0.005,"5000267165806"
860,SCOTCH,JOHNNIE WALKER BLACK,750,385.1,12,4108.00,1.000,1.001,"5000267192185"
861,SCOTCH,JOHNNIE WALKER BLACK,200,385.3,24,1358.00,0.000,0.011,"5000267189277"
862,SCOTCH,JOHNNIE WALKER BLACK,50,385.6,192,361.00,0.000,0.058,""
863,SCOTCH,JOHNNIE WALKER BLUE,750,395.1,6,19716.00,0.000,0.004,"5000267114279"
864,SCOTCH,JOHNNIE WALKER GOLD LABEL,750,400.1,6,6279.00,1.000,0.001,"5000267107776"
865,SCOTCH,JOHNNIE WALKER RED,750,384.1,12,2426.00,2.000,1.008,"5000267188003"
866,SCOTCH,JOHNNIE WALKER RED,375,384.2,24,1288.00,0.012,0.012,"5000267189284"
867,SCOTCH,JOHNNIE WALKER RED,200,384.3,24,815.00,1.000,0.013,"5000267196367"
868,SCOTCH,JOHNNIE WALKER RED,50,384.6,192,209.00,0.000,0.083,""
869,SCOTCH,JURA SINGLE MALT 12 YEARS,700,999.1,12,7160.00,0.000,0.004,"5013967012509"
870,SCOTCH,JURA SINGLE MALT SCOTCH10,700,663.2,12,5710.00,0.000,0.001,"5013967012486"
871,SCOTCH,JW DOUBLE BLACK B ST WKY,750,518.1,12,4863.00,0.000,0.011,"5000267187853"
872,SCOTCH,JW GREEN LABEL SCOTCH,750,391.1,6,8124.00,0.000,0.000,""
873,SCOTCH,JW REDRYE FINISH,700,681.1,6,2316.00,0.000,0.000,""
874,SCOTCH,LABEL 5 BLEND SCOTCH WHY,1000,476.4,12,2280.00,0.000,0.006,""
875,SCOTCH,LAGAVULIN ISLAY S M S WKY,750,524.1,6,11908.00,0.000,0.001,"5000281005409"
876,SCOTCH,LAPH ISLAY SM SCO WHY 10Y,750,530.1,12,6580.00,0.000,0.003,"5010019640253"
877,SCOTCH,LAPHROAIG ISLAY SELECT SM,750,543.1,6,6520.00,0.000,0.000,"5010019640109"
878,SCOTCH,MAKERS MARK BOURBON WKY,750,545.1,12,5565.00,0.000,0.005,"085246502242"
879,SCOTCH,MONKEY SHOULDER BLENDED,700,675.1,6,4390.00,1.000,1.005,"5010327105215"
880,SCOTCH,OLD PARTNER WHISKY,1000,436.1,12,2224.00,0.000,0.002,"656272874926"
881,SCOTCH,PAUL JOHN BOLD WHISKY,750,42.1,12,4080.00,0.000,0.006,""
882,SCOTCH,PAUL JOHN BRILIANCE,750,43.1,12,3449.00,0.000,0.008,"8904014800972"
883,SCOTCH,PAUL JOHN EDITED,750,44.1,12,0.00,0.000,0.000,""
884,SCOTCH,PAUL JOHN NIRVANA WHISKY,750,63.1,12,0.00,0.000,0.000,""
885,SCOTCH,ROYAL BRACKLA H.LAND12YRS,700,890.1,6,10000.00,0.000,0.003,"7640171035475"
886,SCOTCH,ROYAL BRACKLA H.LAND18YRS,700,889.1,6,20000.00,0.000,0.000,""
887,SCOTCH,ROYAL SALUTE 21 YRS,700,197.1,6,17560.00,0.000,0.004,"5000299211243"
888,SCOTCH,SCOTTISH LEADER ORI BLEND,750,634.1,12,2415.00,0.000,1.002,"5029704217830"
889,SCOTCH,SIR EDWARDS FINEST SCOTCH,750,22.1,12,2010.00,0.006,0.006,"0084279984032"
890,SCOTCH,TALISKER SINGLE MALT,750,397.1,6,5962.00,0.002,0.002,"5000281002903"
891,SCOTCH,TAMNAVULIN SCOTCH WHISKY,700,563.1,12,5410.00,0.000,0.011,""
892,SCOTCH,TEACHERS 50 BL SCOTCH WHY,750,132.1,12,2280.00,1.000,0.006,"8901488000105"
893,SCOTCH,TEACHERS 50 BL SCOTCH WHY,375,132.2,24,1074.00,0.000,0.000,""
894,SCOTCH,TEACHERS 50 BL SCOTCH WHY,180,132.3,48,570.00,0.000,0.028,"8901488000471"
895,SCOTCH,TEACHERS 50 BL SCOTCH WHY,60,132.6,150,174.00,0.000,0.000,""
896,SCOTCH,TEACHERS GOLD THISTLE WHY,750,97.1,12,3010.00,0.000,0.011,"8901488000570"
897,SCOTCH,TEACHERS HIGHLAND SCO WHY,1000,133.4,9,2160.00,3.000,0.003,"8901488000310"
898,SCOTCH,TEACHERS HIGHLAND SCO WHY,750,133.1,12,1660.00,2.000,1.004,"8901488000013"
899,SCOTCH,TEACHERS HIGHLAND SCO WHY,375,133.2,24,830.00,1.000,0.003,"8901488000235"
900,SCOTCH,TEACHERS HIGHLAND SCO WHY,180,133.3,48,414.00,1.000,0.017,"8901488000778"
901,SCOTCH,TEACHERS HIGHLAND SCO WHY,60,133.6,150,150.00,1.000,0.008,"8901488000051"
902,SCOTCH,TEACHERS ORGIN SCOTCH WHY,750,211.1,12,2208.00,0.000,0.000,""
903,SCOTCH,TEACHERS ORGIN SCOTCH WHY,60,211.6,150,186.00,0.000,0.000,""
904,SCOTCH,TEACHERS RESERVE SCOT WHY,750,343.1,12,1910.00,1.000,1.003,"8901488000686"
905,SCOTCH,TEACHERS RESERVE SCOT WHY,375,343.2,24,960.00,0.012,0.009,"8901488000693"
906,SCOTCH,TEACHERS RESERVE SCOT WHY,180,343.3,48,478.00,0.000,0.035,"8901488000709"
907,SCOTCH,THE ARDMORE HL S M SC WKY,700,24.1,6,4295.00,0.000,1.000,"5010019637666"
908,SCOTCH,THE BALVENIE DOUBLEWOOD,700,674.1,6,6666.00,0.000,0.000,""
909,SCOTCH,THE DALMOR AGED 12 SCOTCH,700,662.2,12,12960.00,0.000,0.000,""
910,SCOTCH,THE DALMORE PORT WOOD WHY,700,881.1,12,13562.00,0.000,0.002,""
911,SCOTCH,THE GLENGARRY RESERV HBSW,1000,118.1,12,2850.00,0.005,0.007,"5016840734628"
912,SCOTCH,THE SINGLETON SIN MALT 12,700,523.1,6,5042.00,0.000,0.004,"5000281021621"
913,SCOTCH,THE SINGLETON SIN MALT 15,700,947.1,6,5942.00,0.000,0.004,"5000281026626"
914,SCOTCH,THE SINGLETON SIN MALT 18,700,970.1,6,12218.00,0.000,0.005,"5000281028620"
915,SCOTCH,VAT69 BLENDED SCOTCH WHKY,750,458.1,12,1461.00,2.000,1.006,"8901655103127"
916,SCOTCH,VAT69 BLENDED SCOTCH WHKY,375,458.2,24,788.00,0.012,0.009,"8901655103134"
917,SCOTCH,VAT69 BLENDED SCOTCH WHKY,180,458.3,48,399.00,0.024,0.021,"8901655103158"
918,SCOTCH,VAT69 BLENDED SCOTCH WHKY,60,458.6,150,155.00,0.000,0.053,"8901655103257"
919,SCOTCH,WILLIAM LAWSON'S SCOTCH,750,201.1,12,1382.00,2.000,1.002,"8902136057014"
920,SCOTCH,WILLIAM LAWSON'S SCOTCH,375,201.2,24,690.00,0.000,0.000,""
921,SCOTCH,WILLIAM LAWSON'S SCOTCH,180,201.3,48,353.00,0.000,0.000,""
922,SCOTCH,WOODFORD RESERVE KEN SB W,750,630.1,12,8964.00,0.000,0.000,""
923,SCOTCH,WOODFORD RESERVE KEN SB W,750,630.2,6,0.00,0.000,0.000,""
924,TEQUILA,BUEN AMIGO TEQUILA SILVER,750,741.1,12,2472.00,0.000,0.011,"709565100100"
925,TEQUILA,CAMINO BIANCO TEQUILA,750,60.1,12,2865.00,0.000,0.004,"7501012916127"
926,TEQUILA,CAMINO GOLD TEQUILA,750,64.1,12,2693.00,0.000,0.000,""
927,TEQUILA,DON ANGEL TEQUILA,750,410.1,12,2831.00,0.000,0.010,""
928,TEQUILA,DON ANGEL TEQUILA,200,410.3,45,789.00,0.000,0.000,""
929,TEQUILA,DON JULIO BLANCO TEQUILA,700,88.1,6,7234.00,0.000,0.002,"5000281064000"
930,TEQUILA,DON JULIO REPOSADO TEQUIL,700,98.1,6,8138.00,0.000,0.001,"5000281064024"
931,TEQUILA,EL CHARRO GOLD TEQUILA,750,953.1,12,2580.00,0.000,0.000,""
932,TEQUILA,EL JIMADOR TEQUILA BLANCO,750,691.1,12,2538.00,0.000,0.000,""
933,TEQUILA,ELCHARRO SILVER TEQUILA,750,954.1,12,2490.00,0.000,0.000,"759380113427"
934,TEQUILA,GOAN PINEAPPLE FENNY,750,337.1,12,552.00,0.000,0.000,""
935,TEQUILA,GOAN SALUTE ORANGE FENNY,750,336.1,12,552.00,0.000,0.000,""
936,TEQUILA,GRACIA VIVA AGAVE B BERRY,750,480.1,12,2050.00,0.006,0.002,"8906158482458"
937,TEQUILA,GRACIA VIVA AGAVE B BERRY,50,480.6,180,140.00,0.000,0.018,"8906158482465"
938,TEQUILA,GRACIA VIVA AGAVE PASSION,750,483.1,12,2050.00,0.008,0.002,"8906158482472"
939,TEQUILA,GRACIA VIVA AGAVE PASSION,50,483.6,180,140.00,0.000,0.025,"8906158482489"
940,TEQUILA,GRACIA VIVA AGAVE WILDLY,750,481.1,12,2050.00,0.006,0.001,"8906158482434"
941,TEQUILA,GRACIA VIVA AGAVE WILDLY,50,481.6,180,140.00,0.000,0.026,"8906158482441"
942,TEQUILA,HOIST GOLD TEQUILA,750,321.1,12,0.00,0.000,0.000,""
943,TEQUILA,HOIST GOLD TEQUILA,180,321.3,48,344.00,0.000,0.000,""
944,TEQUILA,LA CASABLANCA TEQUILA,375,901.3,24,740.00,0.000,0.005,"8904011613841"
945,TEQUILA,LA CASABLANCA TEQUILA,180,901.4,48,375.00,0.000,0.012,"8904011613858"
946,TEQUILA,PATRON REPOSADO TEQUILA,750,243.1,12,8500.00,0.000,0.001,"721733000159"
947,TEQUILA,PATRON REPOSADO TEQUILA,200,243.3,12,1800.00,0.000,0.000,""
948,TEQUILA,PATRON SILVER TEQUILA,750,242.1,12,7500.00,0.000,0.002,"721733000029"
949,TEQUILA,PATRON SILVER TEQUILA,200,242.3,12,1560.00,0.000,0.000,""
950,TEQUILA,SAUZA SILVER TEQUILLA,700,282.1,6,0.00,0.000,0.000,""
951,TEQUILA,TERESA DEL CAST TEQUILA,700,950.1,6,2852.00,0.000,0.004,"3162049400573"
952,TEQUILA,THE WAREHOUSE (G) TEQUILA,180,75.3,48,420.00,0.000,0.000,""
953,TEQUILA,THE WAREHOUSE TEQUILA,750,157.1,12,1350.00,1.000,1.000,"8904011606621"
954,TEQUILA,THE WAREHOUSE TEQUILA,500,157.4,18,0.00,0.000,0.000,""
955,TEQUILA,THE WAREHOUSE TEQUILA,375,157.2,24,700.00,0.000,0.011,"8904011606645"
956,TEQUILA,THE WAREHOUSE TEQUILA,180,157.3,48,350.00,0.000,0.028,"8904011606652"
957,TEQUILA,THE WAREHOUSE TEQUILA,90,157.5,96,0.00,0.000,0.000,""
958,TEQUILA,THE WAREHOUSE TEQUILA,60,157.6,150,120.00,0.050,0.018,"8904011606676"
959,TEQUILA,TINTO HERI CASHEW FENI,500,257.5,18,924.00,0.000,0.000,"8906037280304"
960,TEQUILA,TULUM TEQUILA,750,350.1,12,1300.00,0.000,0.000,""
961,VODKA,ABSOLUT CITRON VODKA,750,178.1,12,2410.00,0.000,0.006,"7312040090754"
962,VODKA,ABSOLUT MANDRIN VODKA,750,179.1,12,2420.00,0.000,1.005,"7312040050758"
963,VODKA,ABSOLUT PLAIN VODKA,750,176.1,12,2270.00,2.000,0.011,"7312040017010"
964,VODKA,ABSOLUT PLAIN VODKA,200,176.3,24,670.00,0.000,0.003,"7312040017201"
965,VODKA,ABSOLUT PLAIN VODKA,50,176.6,120,216.00,0.108,0.008,"7312040017508"
966,VODKA,ABSOLUT VODKA GRAPEFRUIT,750,442.1,12,2420.00,0.000,0.007,"7312040552160"
967,VODKA,ABSOLUT VODKA LIME,750,443.1,12,2420.00,0.000,0.006,"7312040551675"
968,VODKA,ABSOLUT VODKA RASPBERRY,750,441.1,12,2420.00,0.000,0.006,"7312040350063"
969,VODKA,AMG FROZEN VODKA,700,433.1,12,3000.00,0.000,0.000,""
970,VODKA,ARABELLA ORANGE VODKA,750,346.1,12,552.00,0.000,0.000,""
971,VODKA,ARIES PRIDE GUAVA VODKA,750,595.1,12,600.00,0.006,0.005,""
972,VODKA,ARIES PRIDE LEMON VODKA,750,596.1,12,600.00,0.006,0.006,""
973,VODKA,ARIES PRIDE ORANGE VODKA,750,597.1,12,600.00,0.006,0.005,""
974,VODKA,ARIES PRIDE WATERMELAN,750,598.1,12,600.00,0.006,0.006,""
975,VODKA,BALLET PINK VODKA,750,371.1,12,600.00,0.000,0.000,""
976,VODKA,BELUGA GOLD LINE,700,971.1,12,28685.00,0.000,0.000,""
977,VODKA,BELUGA NOBLE,750,969.1,12,7854.00,0.000,0.000,"3890000781088"
978,VODKA,BELUGA TRANSTLANTIC VODKA,750,567.1,12,6815.00,0.000,0.004,""
979,VODKA,BLUE CRYSTAL GREEN VODKA,750,593.1,12,485.00,0.000,0.000,""
980,VODKA,CIROC SNAP FROST VODKA,750,394.1,12,4116.00,0.000,0.005,"5010103937009"
981,VODKA,COPPER HORSE CRAFTED VODK,700,658.1,6,2470.00,0.000,0.000,""
982,VODKA,FINLANDIA VODKA,750,613.1,12,2160.00,0.000,0.000,""
983,VODKA,GRAYSONS MANGO CHILLI VDK,750,28.1,12,440.00,1.000,0.005,"8906111454829"
984,VODKA,GREEN COCONUT VODKA,750,405.1,12,700.00,0.000,0.005,"8904011614725"
985,VODKA,GREEN COCONUT VODKA,60,405.6,150,58.00,0.000,0.016,"8904011614770"
986,VODKA,GREY GOOSE VODKA,750,34.1,6,4406.00,0.000,0.003,"080480280024"
987,VODKA,GREY GOOSE VODKA,200,34.3,12,1401.00,0.000,1.000,""
988,VODKA,HAKU VODKA,700,966.1,6,4860.00,0.000,0.005,"080686957492"
989,VODKA,ICEON ROCKS APPLE VODKA,750,701.1,12,446.00,0.000,1.000,"8904011610420"
990,VODKA,ICEON ROCKS APPLE VODKA,375,701.2,24,222.00,0.000,0.015,"8904011610444"
991,VODKA,ICEON ROCKS APPLE VODKA,180,701.3,48,108.00,0.000,0.025,"8904011610451"
992,VODKA,ICEON ROCKS APPLE VODKA,90,701.7,96,54.00,0.000,0.046,"8904011610499"
993,VODKA,ICEON ROCKS COFFEE VODKA,500,706.5,18,0.00,0.000,0.000,""
994,VODKA,ICEON ROCKS COFFEE VODKA,180,706.3,48,108.00,0.000,0.000,""
995,VODKA,ICEON ROCKS COFFEE VODKA,90,706.7,96,54.00,0.000,0.000,""
996,VODKA,ICEON ROCKS CRBERRY VODKA,180,705.3,48,108.00,0.000,0.000,""
997,VODKA,ICEON ROCKS CRBERRY VODKA,60,705.6,150,33.00,0.000,0.054,""
998,VODKA,ICEON ROCKS GUAVA VODKA,750,709.1,12,446.00,2.000,0.000,"8904011612127"
999,VODKA,ICEON ROCKS GUAVA VODKA,375,709.2,24,222.00,0.000,0.013,"8904011612141"
1000,VODKA,ICEON ROCKS GUAVA VODKA,180,709.3,48,108.00,0.000,0.020,"8904011612158"
1001,VODKA,ICEON ROCKS GUAVA VODKA,90,709.7,96,54.00,0.000,0.071,"8904011612196"
1002,VODKA,ICEON ROCKS LEMON VODKA,750,702.1,12,446.00,2.000,0.007,"8904011610727"
1003,VODKA,ICEON ROCKS LEMON VODKA,375,702.2,24,222.00,0.000,0.013,"8904011610741"
1004,VODKA,ICEON ROCKS LEMON VODKA,180,702.3,48,108.00,0.000,0.028,"8904011610758"
1005,VODKA,ICEON ROCKS LEMON VODKA,90,702.7,96,54.00,0.000,0.067,"8904011610796"
1006,VODKA,ICEON ROCKS MANGO VODKA,180,708.3,48,108.00,0.000,0.034,"8904011611755"
1007,VODKA,ICEON ROCKS ORANGE VODKA,750,700.1,12,446.00,0.000,1.002,"8904011610529"
1008,VODKA,ICEON ROCKS ORANGE VODKA,375,700.2,24,222.00,0.000,0.016,"8904011610543"
1009,VODKA,ICEON ROCKS ORANGE VODKA,180,700.3,48,108.00,0.000,0.029,"8904011610550"
1010,VODKA,ICEON ROCKS ORANGE VODKA,90,700.7,96,54.00,0.000,0.065,"8904011610598"
1011,VODKA,ICEON ROCKS P.APPLE VODKA,180,707.3,48,108.00,0.000,0.018,"8904011610352"
1012,VODKA,ICEON ROCKS STBERRY VODKA,180,703.3,48,108.00,0.000,0.020,"8904011611854"
1013,VODKA,JAZZ BLUE VODKA,750,301.1,12,942.00,1.000,0.003,"8906037280113"
1014,VODKA,KETEL ONE VODKA,750,519.1,12,2343.00,0.000,0.010,"085156275038"
1015,VODKA,MAGIC LEMON & GING VODKA,750,141.1,12,750.00,2.000,1.000,"8902147000474"
1016,VODKA,MAGIC LEMON & GING VODKA,375,141.2,24,375.00,1.000,0.013,"8902147000481"
1017,VODKA,MAGIC LEMON & GING VODKA,180,141.3,48,188.00,2.000,0.016,"8902147000498"
1018,VODKA,MAGIC MOMENT CHOCO VODKA,750,140.1,12,750.00,3.000,0.007,"8902147000511"
1019,VODKA,MAGIC MOMENT CHOCO VODKA,375,140.2,24,375.00,1.000,1.001,"8902147000528"
1020,VODKA,MAGIC MOMENT CHOCO VODKA,180,140.3,48,188.00,1.000,0.039,"8902147000535"
1021,VODKA,MAGIC MOMENTS APPLE VODKA,750,165.1,12,750.00,2.000,0.010,"8902147000351"
1022,VODKA,MAGIC MOMENTS APPLE VODKA,375,165.2,24,375.00,1.000,0.012,"8902147000368"
1023,VODKA,MAGIC MOMENTS APPLE VODKA,180,165.3,48,188.00,1.000,1.011,"8902147000375"
1024,VODKA,MAGIC MOMENTS APPLE VODKA,60,165.6,150,60.00,2.100,0.019,"8901556001379"
1025,VODKA,MAGIC MOMENTS CUCUMBER,750,172.1,12,750.00,3.000,0.009,"8902146368322"
1026,VODKA,MAGIC MOMENTS CUCUMBER,375,172.2,24,375.00,0.000,0.000,""
1027,VODKA,MAGIC MOMENTS CUCUMBER,180,172.3,48,188.00,0.000,0.000,""
1028,VODKA,MAGIC MOMENTS ORAN VODKA,750,164.1,12,750.00,4.000,0.002,"8902147000399"
1029,VODKA,MAGIC MOMENTS ORAN VODKA,375,164.2,24,375.00,1.000,0.014,"8902147000405"
1030,VODKA,MAGIC MOMENTS ORAN VODKA,180,164.3,48,188.00,2.000,0.008,"8902147000412"
1031,VODKA,MAGIC MOMENTS ORAN VODKA,60,164.6,150,60.00,2.075,0.004,"8902146366151"
1032,VODKA,MAGIC MOMENTS VIVIDPINK,750,145.1,12,750.00,4.000,0.007,"8907801001088"
1033,VODKA,MAGIC MOMENTS VIVIDPINK,375,145.2,24,375.00,1.000,0.022,"8907801001095"
1034,VODKA,MAGIC MOMENTS VIVIDPINK,180,145.3,48,188.00,2.000,0.011,"8907801001101"
1035,VODKA,MAGIC MOMENTS WATERMELON,750,171.1,12,750.00,4.000,0.006,"8902146368025"
1036,VODKA,MAGIC MOMENTS WATERMELON,375,171.2,24,375.00,1.000,0.023,"8902146368032"
1037,VODKA,MAGIC MOMENTS WATERMELON,180,171.3,48,188.00,2.000,0.016,"8902146368049"
1038,VODKA,MAGIC MOMENTS WATERMELON,60,171.6,150,60.00,2.125,0.015,"8901556001386"
1039,VODKA,MAGIC MOVMENTS VODKA,750,234.1,12,750.00,3.000,0.006,"8902147104929"
1040,VODKA,MAGIC MOVMENTS VODKA,375,234.2,24,375.00,2.000,0.007,"8902147104936"
1041,VODKA,MAGIC MOVMENTS VODKA,180,234.3,48,188.00,1.000,0.038,"8902147104943"
1042,VODKA,MAGIC MOVMENTS VODKA,60,234.6,150,60.00,2.050,0.029,""
1043,VODKA,MCDOWELLS PREMIUM VODKA,750,135.1,12,795.00,3.000,1.001,"8902967603015"
1044,VODKA,MCDOWELLS PREMIUM VODKA,180,135.3,48,200.00,0.000,0.038,"8902967603022"
1045,VODKA,NEON CRANBERRY VODKA,180,900.3,48,96.00,0.000,0.000,""
1046,VODKA,NEON GUVA VODKA,375,580.2,24,192.00,0.000,0.000,""
1047,VODKA,NEON PLAIN VODKA,180,494.3,48,96.00,0.000,0.000,""
1048,VODKA,NEON STRAWBERRY VODKA,500,581.5,18,252.00,0.000,0.000,""
1049,VODKA,OCHRE SB PEACH&CHERRY VDK,750,769.1,12,1380.00,0.000,0.003,""
1050,VODKA,OCHRE SB SAFFRON VODKA,750,770.1,12,1380.00,0.000,0.003,""
1051,VODKA,OFF LIMITS APPLE VODKA,750,463.1,12,930.00,0.000,0.000,"8908012973171"
1052,VODKA,OFF LIMITS CRAFTED VODKA,750,349.1,12,810.00,0.000,0.000,""
1053,VODKA,OFF LIMITS CRAFTED VODKA,180,349.3,48,210.00,0.000,0.032,"8908012973041"
1054,VODKA,OFF LIMITS ORANGE VODKA,750,464.1,12,930.00,0.000,0.000,""
1055,VODKA,OXZYEN APPLE VODKA,750,794.1,12,510.00,0.000,0.006,""
1056,VODKA,OXZYEN ORANGE VODKA,750,793.1,12,510.00,0.000,0.005,""
1057,VODKA,OXZYEN VANILLA VODKA,750,791.1,12,562.00,0.000,0.005,""
1058,VODKA,OXZYEN VODKA,750,792.1,12,574.00,0.000,0.006,""
1059,VODKA,PREM ROMANOV VODKA,750,358.1,12,425.00,1.000,0.010,"8906111451286"
1060,VODKA,PREM ROMANOV VODKA,500,358.5,18,285.00,0.000,0.000,""
1061,VODKA,PREM ROMANOV VODKA,375,358.2,24,213.00,0.000,0.015,"8906111451279"
1062,VODKA,PREM ROMANOV VODKA,180,358.3,48,104.00,0.000,0.035,"8906111451262"
1063,VODKA,PREM ROMANOV VODKA,90,358.4,96,52.00,0.000,0.047,""
1064,VODKA,PREM ROMANOV VODKA CRANBE,750,360.1,12,425.00,0.000,0.003,"8906111452429"
1065,VODKA,PREM ROMANOV VODKA CRANBE,500,360.5,18,285.00,0.000,0.000,""
1066,VODKA,PREM ROMANOV VODKA CRANBE,375,360.2,24,213.00,0.000,0.008,"8906111452405"
1067,VODKA,PREM ROMANOV VODKA CRANBE,180,360.3,48,104.00,0.000,0.000,""
1068,VODKA,PREM ROMANOV VODKA CRANBE,90,360.4,96,52.00,0.000,0.000,""
1069,VODKA,PREM ROMANOV VODKA LEMON,750,352.1,12,425.00,1.000,0.004,"8906111451408"
1070,VODKA,PREM ROMANOV VODKA LEMON,500,352.5,18,285.00,0.000,0.000,""
1071,VODKA,PREM ROMANOV VODKA LEMON,375,352.2,24,213.00,0.000,0.019,"8906111451392"
1072,VODKA,PREM ROMANOV VODKA LEMON,180,352.3,48,104.00,0.000,0.016,"8906111451385"
1073,VODKA,PREM ROMANOV VODKA LEMON,90,352.4,96,52.00,0.000,0.043,"8906111453150"
1074,VODKA,PREM ROMANOV VODKA ORANGE,750,353.1,12,425.00,1.000,1.002,"8906111451378"
1075,VODKA,PREM ROMANOV VODKA ORANGE,500,353.5,18,285.00,0.000,0.000,""
1076,VODKA,PREM ROMANOV VODKA ORANGE,375,353.2,24,213.00,0.000,0.019,"8906111451361"
1077,VODKA,PREM ROMANOV VODKA ORANGE,180,353.3,48,104.00,0.000,0.034,"8906111451354"
1078,VODKA,PREM ROMANOV VODKA ORANGE,90,353.4,96,52.00,0.000,0.033,"8906111453143"
1079,VODKA,RAHASYA INFUSEED VODKA,750,430.1,12,1100.00,0.000,0.000,""
1080,VODKA,RAHASYA INFUSEED VODKA,90,430.7,96,135.00,0.000,0.000,""
1081,VODKA,RESOLUTE BLACK VODKA,750,250.1,12,840.00,0.000,0.000,""
1082,VODKA,RESOLUTE BLACK VODKA,180,250.3,48,210.00,0.000,0.000,""
1083,VODKA,RESOLUTE CRYSTAL VODKA,750,248.1,12,840.00,0.000,0.009,"8908000491014"
1084,VODKA,RESOLUTE CRYSTAL VODKA,180,248.3,48,210.00,0.000,0.012,"8908000491052"
1085,VODKA,RESOLUTE PINK VODKA,750,249.1,12,898.00,1.000,1.001,"8908000491038"
1086,VODKA,RESOLUTE PINK VODKA,180,249.3,48,224.00,1.000,0.006,"8908000491045"
1087,VODKA,ROBERTO CAVALI VODKA,750,679.1,12,6659.00,0.000,0.000,""
1088,VODKA,SILVER CREST ORANGE VODKA,750,446.1,12,568.00,0.000,0.000,""
1089,VODKA,SILVER CREST VODKA,750,445.1,12,588.00,0.000,0.000,""
1090,VODKA,SKYY VODKA,750,95.1,12,1920.00,0.000,0.000,""
1091,VODKA,SMIRNOF G.APPLE T D VODKA,750,454.1,12,1034.00,1.000,1.005,"8901655221128"
1092,VODKA,SMIRNOF G.APPLE T D VODKA,375,454.2,24,519.00,1.000,0.007,"8901655221135"
1093,VODKA,SMIRNOF G.APPLE T D VODKA,180,454.3,48,264.00,0.000,0.046,"8901655221166"
1094,VODKA,SMIRNOF G.APPLE T D VODKA,60,454.6,150,89.00,0.000,0.087,"8901655221159"
1095,VODKA,SMIRNOFF ESPRESO TRI D V,60,501.6,150,84.00,0.000,0.000,""
1096,VODKA,SMIRNOFF MINTY JAMUN VODK,750,330.1,12,1103.00,2.000,1.004,"8901655109518"
1097,VODKA,SMIRNOFF MINTY JAMUN VODK,180,330.3,48,272.00,1.012,0.025,"8901655109563"
1098,VODKA,SMIRNOFF MIRCHI MANGO VOD,750,326.1,12,1103.00,0.000,1.005,"8901655109501"
1099,VODKA,SMIRNOFF MIRCHI MANGO VOD,180,326.3,48,272.00,0.036,0.008,"8901655109556"
1100,VODKA,SMIRNOFF ORANGE T D VODKA,750,453.1,12,1037.00,2.000,1.009,"8901655216124"
1101,VODKA,SMIRNOFF ORANGE T D VODKA,375,453.2,24,521.00,0.000,0.022,"8901655216131"
1102,VODKA,SMIRNOFF ORANGE T D VODKA,180,453.3,48,264.00,0.024,0.025,"8901655216162"
1103,VODKA,SMIRNOFF ORANGE T D VODKA,60,453.6,150,90.00,0.000,0.063,"8901655216155"
1104,VODKA,SMIRNOFF TRIPLE DIS VODKA,750,452.1,12,912.00,2.000,1.004,"8901655211129"
1105,VODKA,SMIRNOFF TRIPLE DIS VODKA,375,452.2,24,482.00,0.000,0.021,"8901655211136"
1106,VODKA,SMIRNOFF TRIPLE DIS VODKA,180,452.3,48,242.00,1.012,0.019,"8901655211181"
1107,VODKA,SMIRNOFF TRIPLE DIS VODKA,60,452.6,150,84.00,0.050,0.053,"8901655211150"
1108,VODKA,SMIRNOFF ZESTY LIME VODKA,750,331.1,12,1100.00,1.000,1.003,"8901655109679"
1109,VODKA,SMIRNOFF ZESTY LIME VODKA,180,331.3,48,272.00,0.024,0.026,"8901655109686"
1110,VODKA,SOUTHERN SPICE VODKA,750,58.1,12,402.00,0.000,0.000,""
1111,VODKA,SOUTHERN SPICE VODKA,180,58.3,48,102.00,0.000,0.000,""
1112,VODKA,STOLI CUCUMBER FLAV VODKA,700,334.1,12,2750.00,0.000,0.005,"4750021007767"
1113,VODKA,STOLI GOLD PREMIUM VODKA,750,564.1,12,3414.00,0.000,0.008,""
1114,VODKA,STOLI SALTED CARAMED VODK,700,244.1,12,2750.00,0.000,0.007,"4750021005091"
1115,VODKA,STOLI THE ORIGINAL VODKA,750,882.1,12,2454.00,0.000,1.000,"4750021000157"
1116,VODKA,STOLICHNAYA VODKA,750,536.1,12,1970.00,0.000,0.000,""
1117,VODKA,TITOS HANDMADE VODKA,750,199.1,12,3555.00,0.000,0.000,"619947000020"
1118,VODKA,ULUVKA VODKA,700,956.1,12,5410.00,0.000,0.002,""
1119,VODKA,VERVE CRANBERY VODKA,750,952.1,12,840.00,0.000,0.005,""
1120,VODKA,VERVE MAGIC MOV G APP VOD,750,369.1,12,780.00,1.000,0.010,"8907801011124"
1121,VODKA,VERVE MAGIC MOV LEMON VOD,750,367.1,12,780.00,1.000,0.007,"8907801017126"
1122,VODKA,VERVE MAGIC MOV ORANGE VO,750,368.1,12,780.00,1.000,0.002,"8907801012121"
1123,VODKA,VERVE MAGICMOMENTS VODKA,750,366.1,12,768.00,1.000,0.006,"8907801014125"
1124,VODKA,VIN SOUTHERN ORANGE VODKA,750,809.1,12,378.00,0.000,0.000,""
1125,VODKA,VODKA SILVER MOUNTAIN,700,735.1,12,1698.00,0.000,0.000,""
1126,VODKA,VODKOFF ORIG PREM VODKA,1000,520.1,12,1900.00,0.000,0.000,""
1127,VODKA,ZUBROWKA BIALA VODKA,700,740.1,6,1890.00,0.000,0.002,"5900343010146"
1128,WHISKY,8 PM PREMIUM BLACK WHISKY,750,416.1,12,744.00,0.000,0.000,"8901556199922"
1129,WHISKY,AMRUT AMALGAM MALT WHISKY,750,302.1,12,3054.00,0.000,1.005,"8901193502857"
1130,WHISKY,ANTIQUITY BLUE WHISKY,750,359.1,12,1209.00,1.000,0.011,"8902967203444"
1131,WHISKY,ANTIQUITY BLUE WHISKY,375,359.2,24,605.00,0.000,0.019,"8902967203451"
1132,WHISKY,ANTIQUITY BLUE WHISKY,180,359.3,48,310.00,0.000,0.040,"8902967214761"
1133,WHISKY,ASURA RARE WHISKY,750,421.1,12,480.00,0.000,0.000,""
1134,WHISKY,BELLEVOYE FINITION GRAIN,700,995.1,12,10961.00,0.000,0.000,"3770005053055"
1135,WHISKY,BLACK VELVET BLENDED WKY,750,198.1,12,3054.00,0.000,0.000,""
1136,WHISKY,BLACK VELVET CANAD WHISKY,750,389.1,12,3054.00,0.000,0.000,""
1137,WHISKY,BLEND PRIDE RESV WHISKY,750,267.1,12,1178.00,0.000,0.000,""
1138,WHISKY,BLEND PRIDE RESV WHISKY,375,267.2,24,588.00,0.000,0.000,""
1139,WHISKY,BLEND PRIDE RESV WHISKY,180,267.3,48,297.00,0.000,0.000,""
1140,WHISKY,BLENDERS PRIDE WHISKY,2000,18.8,6,2450.00,0.000,1.000,"8901522004052"
1141,WHISKY,BLENDERS PRIDE WHISKY,750,18.1,12,1080.00,3.000,0.006,"8901522000054"
1142,WHISKY,BLENDERS PRIDE WHISKY,375,18.2,24,540.00,0.000,0.021,"8901522001051"
1143,WHISKY,BLENDERS PRIDE WHISKY,180,18.3,48,270.00,0.000,1.010,"8901522002058"
1144,WHISKY,BLENDERS PRIDE WHISKY,60,18.6,150,95.00,0.100,0.002,""
1145,WHISKY,BUD MAG DOUBLE BARREL WHY,750,865.1,12,1800.00,2.000,0.002,"8902246015652"
1146,WHISKY,COTOMBI RES CHARRED WHY,750,955.1,12,1690.00,0.000,0.011,"8906037281363"
1147,WHISKY,CRAZY COCK WHY DOUBLE OAK,750,626.1,12,0.00,0.000,0.000,""
1148,WHISKY,CRAZY COCK WHY MADHUCA 11,750,632.1,12,0.00,0.000,0.000,""
1149,WHISKY,CRAZY COCK WHY MADHUCA111,750,628.1,12,0.00,0.000,0.000,""
1150,WHISKY,CRAZY COCK WHY MADHUCA111,50,628.2,180,0.00,0.000,0.000,""
1151,WHISKY,DONALS SPL MALT WHISKY,750,438.1,12,450.00,0.000,0.000,""
1152,WHISKY,EASTCOAST PREM MALT WHY,750,552.1,12,563.00,0.000,0.000,""
1153,WHISKY,ECLIPSE PREMIUM WHISKY,750,619.1,12,1120.00,0.000,0.000,""
1154,WHISKY,ECLIPSE PREMIUM WHISKY,60,619.4,150,111.00,0.000,0.075,"8908006178155"
1155,WHISKY,EDEN BLENDED MALT WHISKY,750,997.1,12,1660.00,1.000,1.004,"8906169710069"
1156,WHISKY,ELIJAH CRAIG SMALL WHISKY,750,196.1,12,7500.00,0.000,0.001,"096749000067"
1157,WHISKY,ENSO JAPANESE WHISKY,750,656.1,12,3120.00,1.000,0.004,"8908009077141"
1158,WHISKY,EVAN WILLIAM KENTUCKY WKY,750,191.1,12,3564.00,0.000,0.000,""
1159,WHISKY,GEO'S PREM LEAGUE WHISKY,750,356.1,12,564.00,0.000,0.000,""
1160,WHISKY,GEO'S PREM LEAGUE WHISKY,180,356.3,48,0.00,0.000,0.000,""
1161,WHISKY,GLENDALE RESERVE BLEN WHY,750,695.1,12,1890.00,0.000,0.006,""
1162,WHISKY,GOLD AMAZE LUX WHISKY,750,297.1,12,995.00,0.000,0.011,"8908020523030"
1163,WHISKY,GOLD ETERNITY RARE WHISKY,750,298.1,12,1074.00,0.000,0.006,"8908020523061"
1164,WHISKY,GOLD TYCOON DELUXE WHISKY,750,372.1,12,600.00,0.000,0.000,""
1165,WHISKY,GOVERNORS RESERVE WHISKY,750,335.1,12,762.00,0.000,0.000,""
1166,WHISKY,GRAYSONS MAX ROYALE WHY,750,439.1,12,598.00,0.000,1.004,"8906111452511"
1167,WHISKY,GRAYSONS MAX ROYALE WHY,180,439.3,48,147.00,0.000,0.000,""
1168,WHISKY,GREEN CHANNEL WHISKY,750,694.1,12,318.00,0.000,1.000,"8904011600421"
1169,WHISKY,GREEN CHANNEL WHISKY,375,694.2,24,162.00,0.000,0.000,""
1170,WHISKY,GREEN CHANNEL WHISKY,180,694.3,48,78.00,0.000,0.001,"8904011600452"
1171,WHISKY,GREEN CHANNEL WHISKY,90,694.4,96,0.00,0.000,0.000,""
1172,WHISKY,GREENWICH VINTAGE WHISKY,750,573.1,12,960.00,0.000,0.010,""
1173,WHISKY,HIGH STAKES CRAFTED WHY,750,186.1,12,1060.00,0.000,0.006,"8908012973003"
1174,WHISKY,HIGH STAKES CRAFTED WHY,180,186.3,48,264.00,0.000,0.000,"8908012973010"
1175,WHISKY,HIGHBURY GRAIN WHISKY,750,875.1,12,900.00,0.000,0.000,""
1176,WHISKY,IMPERIAL BLUE WHISKY,750,25.1,12,544.00,13.000,0.003,"8901522002652"
1177,WHISKY,IMPERIAL BLUE WHISKY,375,25.2,24,273.00,3.000,0.004,"8901522003659"
1178,WHISKY,IMPERIAL BLUE WHISKY,180,25.3,48,142.00,2.000,0.039,"8901522004656"
1179,WHISKY,IMPERIAL BLUE WHISKY,90,25.7,96,74.00,1.000,0.046,"8901522005653"
1180,WHISKY,INDRI SINGLE MALT IND WHY,750,492.1,12,4200.00,3.000,0.006,"8908005173762"
1181,WHISKY,IWAI MARS TRADATION WKY,750,902.1,12,3185.00,0.000,0.003,"4976881520592"
1182,WHISKY,IWAI MARS WHISKY,750,903.1,12,4986.00,0.000,0.000,""
1183,WHISKY,JACK DANIELS APPLE WHY,750,929.1,12,4414.00,0.000,1.000,"082184004371"
1184,WHISKY,JAMESON IRISH CASKMATES,750,424.1,12,3280.00,0.000,0.004,"5011007025663"
1185,WHISKY,JEFFERIES PRE BLEN WHISKY,750,471.1,12,540.00,0.000,0.000,""
1186,WHISKY,KOMAGATAKE JAPANESE S M W,700,922.1,12,18792.00,0.000,0.001,""
1187,WHISKY,LEGACY PREM BLEND WHISKY,750,886.1,12,1176.00,3.000,1.001,"8905664762269"
1188,WHISKY,LEGACY PREM BLEND WHISKY,375,886.2,24,588.00,0.000,0.005,"8905664762276"
1189,WHISKY,LEGACY PREM BLEND WHISKY,180,886.3,48,282.00,0.000,0.014,"8905664762283"
1190,WHISKY,M.H GOLD BARREL WHISKY,750,290.1,12,730.00,2.000,0.006,""
1191,WHISKY,M.H GOLD BARREL WHISKY,375,290.2,24,365.00,0.000,0.009,""
1192,WHISKY,M.H GOLD BARREL WHISKY,180,290.3,48,180.00,0.000,0.017,""
1193,WHISKY,MAGPIE BLENDED SCOTCH WHY,1000,507.5,12,2100.00,0.000,0.000,""
1194,WHISKY,MAQINTOSH SILVER WHISKY,750,303.1,12,1077.00,0.000,1.000,"8901193500396"
1195,WHISKY,MARIE CELESTE SCOTCH WHY,700,488.1,12,1698.00,0.000,0.008,"3014409009417"
1196,WHISKY,MC'DOWELL RESERVE WHISKY,2000,259.8,6,1778.00,1.000,0.003,"8902967208364"
1197,WHISKY,MC'DOWELL RESERVE WHISKY,1000,259.4,9,741.00,0.000,1.003,"8902967200566"
1198,WHISKY,MC'DOWELL RESERVE WHISKY,750,259.1,12,567.00,1.000,2.001,"8902967200573"
1199,WHISKY,MC'DOWELL RESERVE WHISKY,375,259.2,24,286.00,1.000,0.003,"8902967200580"
1200,WHISKY,MC'DOWELL RESERVE WHISKY,180,259.3,48,141.00,0.000,1.002,"8902967200597"
1201,WHISKY,MC'DOWELL RESERVE WHISKY,90,259.7,96,71.00,1.000,0.016,"8902967206605"
1202,WHISKY,NINE LIVES PREMIUM WHISKY,750,479.1,12,580.00,0.000,0.000,"8908012973218"
1203,WHISKY,NINE LIVES PREMIUM WHISKY,180,479.3,48,143.00,0.000,0.000,""
1204,WHISKY,OAKEN GLOW PREMIUM WHY,750,505.1,12,898.00,0.000,0.000,""
1205,WHISKY,OAKEN GLOW PREMIUM WHY,375,505.2,24,449.00,0.000,0.000,""
1206,WHISKY,OAKEN GLOW PREMIUM WHY,180,505.3,48,225.00,0.000,0.000,"8901522002072"
1207,WHISKY,OAKEN GLOW PREMIUM WHY,90,505.7,96,114.00,0.000,0.008,"8901522005066"
1208,WHISKY,OAKSMITH GOLD BLEN WHISKY,750,403.1,12,1155.00,2.000,1.004,"8901488000600"
1209,WHISKY,OAKSMITH GOLD BLEN WHISKY,375,403.2,24,580.00,0.000,0.022,"8901488000624"
1210,WHISKY,OAKSMITH GOLD BLEN WHISKY,180,403.3,48,288.00,0.000,1.003,"8901488000648"
1211,WHISKY,OAKSMITH INT BLEND WHISKY,750,404.1,12,910.00,1.000,1.010,"8901488000594"
1212,WHISKY,OAKSMITH INT BLEND WHISKY,375,404.2,24,460.00,0.000,1.004,"8901488000617"
1213,WHISKY,OAKSMITH INT BLEND WHISKY,180,404.3,48,228.00,1.000,0.026,"8901488000631"
1214,WHISKY,OLD OAK PREMIUM WHISKY,750,602.1,12,960.00,0.000,0.008,"8906037280014"
1215,WHISKY,OLD TOWN INDIAN BLEND WHY,750,556.1,12,792.00,0.000,0.005,""
1216,WHISKY,PETER SCOT EXTRA PREM WHY,750,409.1,12,1275.00,0.000,0.001,"8901503100087"
1217,WHISKY,PETER SCOT WHISKY,750,35.1,12,1030.00,0.000,0.003,"8901503200169"
1218,WHISKY,R.S BARREL SELECT WHISKY,750,268.1,12,800.00,0.000,0.000,""
1219,WHISKY,R.S BARREL SELECT WHISKY,375,268.2,24,400.00,0.000,0.000,""
1220,WHISKY,R.S BARREL SELECT WHISKY,180,268.3,48,200.00,0.000,0.000,""
1221,WHISKY,RC AMERICAN PRIDE G.B.WK,750,744.1,12,1030.00,2.000,1.011,"8902967213665"
1222,WHISKY,RC AMERICAN PRIDE G.B.WK,180,744.2,48,260.00,0.024,0.034,"8902967213870"
1223,WHISKY,ROCK WHISKY,750,603.1,12,588.00,0.000,0.000,"8906037280168"
1224,WHISKY,ROULETTE PEATED PREM WHY,750,610.1,12,1160.00,0.000,0.001,"8904014874942"
1225,WHISKY,ROULETTE UNPEATED PRE WHY,750,608.1,12,1160.00,0.000,0.006,""
1226,WHISKY,ROYAL CHALLENGE WHISKY,2000,39.8,6,1961.00,2.000,1.000,"8902967213764"
1227,WHISKY,ROYAL CHALLENGE WHISKY,1000,39.4,9,1073.00,1.000,0.005,"8902967213771"
1228,WHISKY,ROYAL CHALLENGE WHISKY,750,39.1,12,807.00,3.000,1.005,"8902967213788"
1229,WHISKY,ROYAL CHALLENGE WHISKY,375,39.2,24,404.00,0.000,0.015,"8902967213795"
1230,WHISKY,ROYAL CHALLENGE WHISKY,180,39.3,48,202.00,0.000,1.018,"8902967215669"
1231,WHISKY,ROYAL CHALLENGE WHISKY,90,39.7,96,105.00,0.000,0.043,"8902967213818"
1232,WHISKY,ROYAL GREEN DELUXE WKY,2000,286.8,6,1942.00,0.000,0.005,""
1233,WHISKY,ROYAL GREEN DELUXE WKY,750,286.1,12,756.00,0.000,0.011,"8908002916430"
1234,WHISKY,ROYAL RANTHAMBORE RES WHY,750,431.1,12,1630.00,1.000,0.011,"8902147004649"
1235,WHISKY,ROYAL RANTHAMBORE RES WHY,180,431.3,48,414.00,0.000,0.009,"8902147004724"
1236,WHISKY,ROYAL RANTHAMBORE RES WHY,60,431.6,150,138.00,0.000,0.047,"8902147004953"
1237,WHISKY,ROYAL STAG WHISKY,2000,38.8,6,1858.00,3.000,1.000,"8901522006094"
1238,WHISKY,ROYAL STAG WHISKY,750,38.1,12,598.00,15.000,1.005,"8901522000092"
1239,WHISKY,ROYAL STAG WHISKY,375,38.2,24,299.00,2.000,0.020,"8901522001099"
1240,WHISKY,ROYAL STAG WHISKY,180,38.3,48,147.00,5.000,0.025,"8901522002096"
1241,WHISKY,ROYAL STAG WHISKY,60,38.6,150,63.00,2.075,0.013,""
1242,WHISKY,SIGNATURE PREMIUM GR WKY,750,473.1,12,1112.00,2.000,0.010,"8902967204465"
1243,WHISKY,SIGNATURE PREMIUM GR WKY,375,473.2,24,557.00,0.000,0.011,"8902967205806"
1244,WHISKY,SIGNATURE PREMIUM GR WKY,180,473.3,48,291.00,0.000,0.034,"8902967205813"
1245,WHISKY,SIGNATURE RARE WHISKY,2000,40.8,6,2213.00,2.000,0.001,"8902967211197"
1246,WHISKY,SIGNATURE RARE WHISKY,1000,40.4,9,1246.00,0.000,0.007,"8902967200108"
1247,WHISKY,SIGNATURE RARE WHISKY,750,40.1,12,1056.00,1.000,1.005,"8902967200115"
1248,WHISKY,SIGNATURE RARE WHISKY,375,40.2,24,532.00,0.000,0.006,"8902967200122"
1249,WHISKY,SIGNATURE RARE WHISKY,180,40.3,48,266.00,0.000,0.025,"8902967200139"
1250,WHISKY,THE KADAMBA IND S M WHY,750,119.1,12,3190.00,0.000,0.006,""
1251,WHISKY,THE KADAMBA S M SHERY WHY,750,122.1,12,2440.00,0.000,0.006,""
1252,WHISKY,THE THREE MONKEYS IND WHY,750,134.1,12,1950.00,0.000,0.004,""
1253,WHISKY,THE WAREHOUSE WHISKY,750,821.1,12,528.00,0.000,0.000,""
1254,WHISKY,THE WAREHOUSE WHISKY,375,821.2,24,264.00,0.000,0.000,""
1255,WHISKY,THE WAREHOUSE WHISKY,180,821.3,48,132.00,0.000,0.000,""
1256,WHISKY,TOKI SUNTORY WHISKY,700,541.1,6,4450.00,1.000,0.005,"4901777343504"
1257,WHISKY,VIN 7PM ONWARDS WHISKY,750,822.1,12,456.00,0.000,0.000,""
1258,WHISKY,WILD TURKEY KENTUCKY WKY,750,935.1,12,3840.00,0.000,0.001,"721059847506"
1259,WHISKY,WINGMAN BLENDED MALT WHY,750,569.1,12,1272.00,3.000,1.001,"8906169710397"
1260,WHISKY,WINGMAN BLENDED MALT WHY,180,569.2,48,318.00,0.000,0.046,"8906169710403"
1261,WHISKY,X'TASY BLUE BLENDED WHY,750,377.1,12,536.00,0.000,0.000,"8906141251047"
1262,WHT SPIRIT,SIX BROTHERS,750,624.1,12,0.00,0.000,0.000,""
1263,WHT SPIRIT,SIX BROTHERS,50,624.2,180,0.00,0.000,0.000,""
1264,WINE,AMORA RED WINE,750,509.1,12,586.00,1.000,0.007,"8901700100095"
1265,WINE,AMORA WHITE WINE,750,517.1,12,586.00,0.000,0.008,"8901700100125"
1266,WINE,BAREFOOT CABER SAUVIGNON,750,959.1,12,1930.00,0.000,0.007,""
1267,WINE,BAREFOOT SHIRAZ WINE,750,958.1,12,1930.00,0.000,0.006,""
1268,WINE,BARTON & GUESTIER MERLOT,750,264.1,12,2026.00,0.000,0.006,""
1269,WINE,BARTON&GUESTIER CAB SAUV,750,266.1,12,2026.00,0.000,0.004,"3035138005655"
1270,WINE,BARTON&GUESTIER COTES DU,750,978.1,12,2416.00,0.000,0.001,"3035130401103"
1271,WINE,BARTON&GUESTIER ROUGE,750,270.1,12,1736.00,0.000,0.000,"3035131625102"
1272,WINE,BEX RIESLING NAHE QUALI,750,987.1,12,2430.00,0.003,0.002,""
1273,WINE,BLACK TOWER DF PINOT NOIR,750,256.1,12,2026.00,0.000,0.006,""
1274,WINE,BLACK TOWER PINOT NO ROSE,750,960.1,12,2223.00,0.006,0.005,"4069600018668"
1275,WINE,BORN WEST CAB SAUVIGNON,750,918.1,12,2626.00,0.000,0.008,"8906052776585"
1276,WINE,BORN WEST CHARDONNAY,750,931.1,12,2622.00,0.000,0.004,"8906052776578"
1277,WINE,BRUT TOPICAL SPARK WHITE,750,620.1,12,1626.00,0.000,0.006,"8906003211929"
1278,WINE,BUSH BALLAD CHARDONNAY,750,689.1,12,1786.00,0.000,0.006,"8906052776554"
1279,WINE,BUSH BALLAD SHIRAZ,750,688.1,12,1786.00,1.000,0.007,"8906052776547"
1280,WINE,CAP ROYAL BORDEAUX SUPERI,750,659.1,12,2160.00,0.000,0.000,""
1281,WINE,CASA EL UNICO CHARDONNAY,750,915.1,12,1936.00,0.000,0.007,"8906052776592"
1282,WINE,CASA EL UNICO TEMPRANILLO,750,914.1,12,1786.00,0.000,0.003,"8906052776608"
1283,WINE,CECILIA BERETTA V S ROSE,750,474.1,12,2490.00,0.006,0.002,"8007880125900"
1284,WINE,CECILIA BERETTA VS BIANCO,750,465.1,12,2490.00,0.000,0.006,""
1285,WINE,CHANDON BRUT SPARK WINE,750,154.1,12,2948.00,0.000,0.000,""
1286,WINE,CHANDON ROSE SPARK WINE,750,828.1,12,0.00,0.000,0.000,""
1287,WINE,CHATEAU BELIAN GIRAUD BDX,750,455.1,12,2144.00,0.000,0.005,"3760074290352"
1288,WINE,CHATEAU DE FONTENILLE BOR,750,510.1,12,3034.00,0.000,0.001,"3415963750003"
1289,WINE,CINZANO BIANCO,750,538.1,12,310.00,0.000,0.000,""
1290,WINE,CINZANO PROSECCO,750,738.1,6,1740.00,0.000,0.000,""
1291,WINE,CINZANO VERMOUTH ROSSO,750,737.1,12,1512.00,0.000,0.000,""
1292,WINE,CLARENDELLE BORDEAUX,750,904.1,12,4766.00,0.000,0.006,"3760136176754"
1293,WINE,CRYSTAL RED RUBY WINE,750,227.1,12,465.00,0.000,0.000,"8906010351069"
1294,WINE,CRYSTAL RED RUBY WINE,375,227.2,24,234.00,0.000,0.004,""
1295,WINE,CRYSTAL RED RUBY WINE,180,227.3,48,117.00,0.000,0.000,""
1296,WINE,DAVANA VERM INDICA BIANCO,750,575.1,6,1300.00,0.000,1.000,""
1297,WINE,DAVANA VERMO INDICA ROSSO,750,574.1,6,1300.00,0.000,1.000,""
1298,WINE,DBR LEG BORD WHITE WINE,750,968.1,12,3186.00,0.000,0.001,"3296325422109"
1299,WINE,DIA RED WINE,750,192.1,12,683.00,1.000,0.001,"8906003211813"
1300,WINE,DIA WHITE WINE,750,383.1,12,683.00,1.000,1.000,"8906003211806"
1301,WINE,DOMAINE DE MONTROSE,750,963.1,12,2278.00,0.006,0.004,"3560680001096"
1302,WINE,DOMAINE MONTROSE CHARDONN,750,723.1,12,2278.00,0.000,0.000,"3560680003083"
1303,WINE,DOMAINE MONTROSE MERLOT,750,724.1,12,0.00,0.000,0.000,""
1304,WINE,DOMAINES BARONS DE ROTHS,750,633.1,12,2990.00,0.000,0.000,""
1305,WINE,ELIXIR G.BERRY DLUCE WINE,750,513.1,12,648.00,0.000,0.000,""
1306,WINE,ELIXIR G.BERRY PREM WINE,750,512.1,12,960.00,0.000,0.000,""
1307,WINE,FAMILLE PERRIN COTES ROUG,750,962.1,12,3569.00,0.000,0.006,"3296180000160"
1308,WINE,FIVE'S RES CAB SAUVIGNON,750,912.1,12,1550.00,1.000,0.010,"6002269000665"
1309,WINE,FIVE'S RES CHENIN BLANC,750,911.1,12,1550.00,0.000,0.010,"6002269000696"
1310,WINE,FIVE'S RESERVE PINOTAGE,750,910.1,12,1550.00,1.006,0.003,"6002269000672"
1311,WINE,FRONTERA MERLOT,750,200.1,12,1926.00,0.000,0.007,"7804320706009"
1312,WINE,FRONTERA SHIRAZ,750,271.1,12,1926.00,0.000,0.003,"7804320189932"
1313,WINE,GOAN MARVEL PORT WINE,375,771.2,24,120.00,0.000,0.000,""
1314,WINE,GOLDEN MILE BRUT CUVEE,750,460.1,12,0.00,0.000,0.000,""
1315,WINE,GOLDEN SPARROW C C CHARDO,750,73.1,12,2026.00,0.000,0.005,"8906052770033"
1316,WINE,GOLDEN SPARROW C C SAN RU,750,127.1,12,2026.00,0.000,0.006,"8906052770026"
1317,WINE,GOLDEN SPARROW CHARDONNAY,750,605.1,12,2022.00,0.000,0.000,""
1318,WINE,GOLDEN SPARROW PINOT WHIT,750,678.1,12,2283.00,0.000,0.007,"8906052770040"
1319,WINE,GOLDEN SPARROW SANGIOVESE,750,604.1,12,1665.00,0.000,0.000,""
1320,WINE,GRAPE LEAF PORT WINE,750,715.1,12,312.00,0.000,0.000,""
1321,WINE,GRAPE LEAF PORT WINE,375,715.2,24,0.00,0.000,0.000,""
1322,WINE,GRAPE LEAF PORT WINE,180,715.3,48,78.00,0.000,0.000,""
1323,WINE,GROVER ART COL CAB SH RED,750,87.1,12,1132.00,2.000,0.010,"8901700002030"
1324,WINE,GROVER ART COL CAB SH RED,375,87.2,24,616.00,0.000,1.002,"8901700002047"
1325,WINE,GROVER ART COL CH BL WHIT,750,503.1,12,882.00,0.000,0.005,"8901700010011"
1326,WINE,GROVER ART COL CH BL WHIT,375,503.2,24,0.00,0.000,0.000,""
1327,WINE,GROVER ART COL SAU BL WHI,750,502.1,12,927.00,0.000,0.007,"8901700006014"
1328,WINE,GROVER ART COL SAU BL WHI,375,502.2,24,526.00,0.000,0.012,"8901700006021"
1329,WINE,GROVER ART COL SHI RED WI,750,504.1,12,821.00,1.000,0.002,"8901700030019"
1330,WINE,GROVER ART COL VIO W WINE,750,144.1,12,821.00,0.000,0.007,"8901700007035"
1331,WINE,GROVER ART COL VIO W WINE,375,144.2,24,0.00,0.000,0.000,""
1332,WINE,GROVER ART COLL SHI ROSE,750,85.1,12,882.00,0.006,0.004,"8901700003013"
1333,WINE,GROVER LA RESERVE SYRAH,750,522.1,12,1341.00,1.006,1.002,"8901700100866"
1334,WINE,GROVER LARESERVA RED WINE,750,124.1,12,1341.00,1.000,0.003,"8901700005017"
1335,WINE,GROVER MERLOT RED WINE,750,521.1,12,932.00,0.000,0.011,"8906027340605"
1336,WINE,GROVER VIJ AMR RES CL RED,750,589.1,12,1629.00,0.000,0.004,"8901700070015"
1337,WINE,GROVER VIJ AMR RES CL WHI,750,588.1,12,1629.00,0.000,0.007,"8901700080014"
1338,WINE,GROVER ZAMPA SOIREE BRUT,750,514.1,12,1382.00,0.000,0.006,"8906027340216"
1339,WINE,HANA AKITA SAKE,720,491.1,12,2998.00,0.000,0.004,"4955596846845"
1340,WINE,HAPPEE PORT WINE NO.5,180,138.3,48,60.00,2.000,0.015,""
1341,WINE,HARDY STMP SWEET RED WINE,750,646.1,12,1482.00,0.000,0.000,""
1342,WINE,HARDYS CABERNET MERLOT,750,533.1,12,1482.00,0.000,0.000,"9311043721670"
1343,WINE,HARDYS SHIRAZ CABERNET,750,532.1,12,1482.00,0.000,0.000,""
1344,WINE,HENKELL PICCOLA,200,107.3,24,658.00,0.000,0.009,"4003310012363"
1345,WINE,HENKELL ROSE FINE SPARK W,750,884.1,12,2486.00,0.000,0.002,"4003310012028"
1346,WINE,HENKELL TROCKEN F S WINE,750,885.1,12,2285.00,0.000,0.004,"4003310011625"
1347,WINE,HERITAGE TWIST BUBLY WINE,280,625.2,24,126.00,0.000,0.000,""
1348,WINE,I HEART PINOT NOIR,750,913.1,12,2026.00,0.000,0.008,"5060215332063"
1349,WINE,I HEART RIESLING,750,917.1,12,2026.00,0.000,1.000,"5060215333251"
1350,WINE,JACOB WHITE WINE RIESLING,750,448.1,12,1500.00,0.000,0.003,"9300727035936"
1351,WINE,JACOBS CREEK CABSAUVIGNON,750,450.1,12,1452.00,0.000,0.000,""
1352,WINE,JACOBS CREEK CHARDONNAY,750,236.1,12,1500.00,0.000,0.000,""
1353,WINE,JACOBS CREEK CRISP ROSE,750,451.1,12,1901.00,0.000,0.005,"9300727040558"
1354,WINE,JACOBS CREEK MERLOT RED,750,449.1,12,1452.00,0.000,0.000,"9300727508003"
1355,WINE,JACOBS CREEK PINOT NOIR,750,272.1,6,2151.00,0.000,0.004,"9300727839008"
1356,WINE,JACOBS CREEK RED WINE,750,31.1,12,1500.00,0.000,0.000,""
1357,WINE,JACOBS CREEK SHIRZ CABNET,750,237.1,12,1500.00,0.000,0.000,""
1358,WINE,JACQUES BOSSUET BORDEAUX,750,973.1,12,1985.00,0.000,0.005,"745604325301"
1359,WINE,JINWOO GREEN GRAPE SOJU,375,644.1,24,390.00,1.000,0.022,""
1360,WINE,JINWOO PEACH SOJU,375,637.1,24,390.00,1.000,0.001,""
1361,WINE,JINWOO RICE SOJU,375,638.1,24,390.00,0.000,1.000,""
1362,WINE,KILLIBINBIN CHARDONNAY,750,991.1,12,2192.00,0.000,0.009,"9329577009904"
1363,WINE,KILLIBINBIN SHIRAZ,750,990.1,12,2192.00,0.000,0.007,"9329577000000"
1364,WINE,KOREAN SOJU YIPSEJU,360,795.1,20,490.00,0.000,1.000,""
1365,WINE,LA VIEILLE FERME BLANC,750,907.1,12,2019.00,0.000,0.010,"3296180005400"
1366,WINE,LA VIEILLE FERME ROSE,750,905.1,12,2019.00,0.000,0.008,"3296180005394"
1367,WINE,LA VIEILLE FERME ROUGE,750,906.1,12,2019.00,0.000,0.011,"3296180005387"
1368,WINE,LA VIEILLE FERME ROUGE,375,906.2,24,892.00,1.000,0.001,""
1369,WINE,LE GRAND MERLOT NOIR,750,748.1,12,1658.00,1.000,0.008,"3437540053475"
1370,WINE,LE GRAND NOIR CHARDONNAY,750,669.1,12,1683.00,1.000,0.008,"3437540053345"
1371,WINE,LE GRAND NOIR PINOT NOIR,750,668.1,12,1708.00,0.000,1.000,"3437540053352"
1372,WINE,LE GRAND NOIR ROSE,750,747.1,12,1708.00,1.000,0.006,"3437540053413"
1373,WINE,LES LEGENDES BORDEAUX,750,920.1,12,3183.00,0.000,0.009,"3296324420106"
1374,WINE,LES PARCELLES PINOT NOIR,750,992.1,12,1929.00,0.000,0.004,"3245372201083"
1375,WINE,LILLET BLANC,750,755.1,6,2040.00,0.000,0.003,"3057230000253"
1376,WINE,LILLET ROSE,750,756.1,6,2040.00,0.000,0.003,"3057230000277"
1377,WINE,M CHAPOUTIER BILA -HAUT,750,651.1,12,2379.00,0.000,0.000,""
1378,WINE,M CHAPOUTIER SYRAH GRENAC,750,652.1,12,2482.00,0.000,0.004,"3391180020061"
1379,WINE,M CHAPOUTIER VERMENTINO,750,653.1,12,2050.00,0.000,0.007,"3391180010635"
1380,WINE,M.CHAP BELL COTES ROUGE,750,26.1,12,7047.00,0.000,0.005,"3391180024991"
1381,WINE,MADERA NASHIK VALLEY RED,750,100.1,12,682.00,4.000,1.000,"8906003210519"
1382,WINE,MADERA NASHIK VALLEY RED,375,100.2,24,377.00,1.000,0.008,"8906003210533"
1383,WINE,MADERA NASHIK VALLEY WHIT,750,357.1,12,619.00,0.000,0.000,""
1384,WINE,MARIE THERESE LUSSAC RED,750,972.1,12,2633.00,0.000,0.008,"745604325318"
1385,WINE,MARTINI BIANCO,1000,37.1,6,1800.00,0.000,0.000,""
1386,WINE,MARTINI BRUT SPARKLING,750,231.1,6,2100.00,0.000,1.000,"8000570467403"
1387,WINE,MATEUS ROSE,750,606.1,12,2186.00,0.000,0.010,"5601012011500"
1388,WINE,MICHEL LYNCH BORDEQUX,750,725.1,12,2930.00,0.000,0.008,"3760082810016"
1389,WINE,MONTE PACIFICO CHARDONNAY,750,660.1,12,1786.00,0.000,0.010,"7804622084034"
1390,WINE,MONTE PACIFICO MERLOT,750,661.1,12,1786.00,0.000,0.005,"7804622084027"
1391,WINE,MOSAIC RED WINE,750,938.1,12,723.00,1.000,1.004,"8906003211820"
1392,WINE,MOSAIC WHITE WINE,750,939.1,12,690.00,0.000,0.011,"8906003211837"
1393,WINE,PASQUA CHIANTI,750,721.1,12,2687.00,0.000,0.007,"736040533788"
1394,WINE,PASQUA MERLOT,750,988.1,12,1775.00,0.000,0.006,"8007880531404"
1395,WINE,PASQUA MONTEPULCIANO DAD,750,908.1,12,1920.00,0.000,1.002,"8007880531602"
1396,WINE,PASQUA PROSECCO,750,722.1,12,2546.00,0.000,0.006,"8007880231809"
1397,WINE,PASQUA SANGIOVESE PUG IGT,750,909.1,12,1920.00,0.006,0.004,"8007880531503"
1398,WINE,PORT WINE 1000,750,422.1,12,532.00,1.000,1.000,"8906003211448"
1399,WINE,PORT WINE 1000,375,422.2,24,306.00,0.000,1.000,"8906003211455"
1400,WINE,PORT WINE 1000,180,422.3,48,159.00,0.000,0.026,"8906003211462"
1401,WINE,QUEENSCLIFF ESTATE MERLOT,750,348.1,12,1290.00,0.000,0.000,""
1402,WINE,RASA CABERNET SAUVIGNON,750,667.1,12,2223.00,0.006,0.007,"8906003212209"
1403,WINE,RASA SYRAH,750,933.1,12,1882.00,0.006,0.011,"8906003211387"
1404,WINE,RAYA RED WINE,750,515.1,12,686.00,1.000,0.005,"8901700050017"
1405,WINE,RAYA WHITE WINE,750,516.1,12,686.00,4.000,0.008,"8901700040018"
1406,WINE,REUNITE LAMBRUSSCO EMILLA,750,535.1,12,1786.00,1.000,0.005,"8002550505310"
1407,WINE,RIUNITE MOSCATO EMILI IGT,750,279.1,12,2026.00,0.000,0.007,""
1408,WINE,RIUNITE PROSECCO,750,342.1,12,2553.00,0.000,0.001,""
1409,WINE,ROCCA DEL F S BRUT,750,551.1,12,0.00,0.000,0.000,""
1410,WINE,ROSE MONT ROSE,750,986.1,12,2242.00,0.000,0.006,"3560680474746"
1411,WINE,ROSEBERRY RED WINE,180,137.1,48,60.00,0.000,0.000,""
1412,WINE,SAMARA RED WINE,750,27.1,12,586.00,3.000,0.000,"8906003211240"
1413,WINE,SAMARA RED WINE,375,27.2,24,317.00,0.000,0.021,"8906003211257"
1414,WINE,SAMARA WHITE WINE,750,72.1,12,582.00,0.000,0.010,"8906003211141"
1415,WINE,SANTE CHENIN WHITE WINE,750,375.1,12,722.00,0.006,0.007,"8901700009015"
1416,WINE,SANTE SHIRAZ RED,750,374.1,12,722.00,1.000,0.008,"8901700008018"
1417,WINE,SANTE SHIRAZ RED,375,374.2,24,412.00,0.000,0.017,"8901700008025"
1418,WINE,SATORI RED WINE,750,937.1,12,966.00,1.000,0.009,"8906003211516"
1419,WINE,SATORI RED WINE,375,937.2,24,490.00,1.000,0.011,"8906003211523"
1420,WINE,SDU DEVA RED WINE,750,341.1,12,816.00,0.000,0.000,""
1421,WINE,SULA BRUT METHODE TRADITI,750,291.1,12,0.00,0.000,0.000,""
1422,WINE,SULA BRUT METHODE TRADITI,375,291.2,24,0.00,0.000,0.000,""
1423,WINE,SULA BRUT ROSE,750,590.1,12,0.00,0.000,0.000,""
1424,WINE,SULA BRUT SPARKLING WHITE,750,930.1,12,1486.00,1.000,1.000,"8906003211899"
1425,WINE,SULA BRUT SPARKLING WHITE,375,930.2,24,770.00,0.000,0.009,"8906003211905"
1426,WINE,SULA CHENIN WHITE WINE,750,292.1,12,922.00,1.000,0.007,"8906003210212"
1427,WINE,SULA CHENIN WHITE WINE,375,292.2,24,507.00,0.000,0.007,"8906003210229"
1428,WINE,SULA CHENIN WHITE WINE,180,292.3,48,249.00,0.000,0.000,""
1429,WINE,SULA DINDORI RESERVE SHIR,750,467.1,12,1326.00,2.000,0.007,"8906003210588"
1430,WINE,SULA DINDORI RESERVE SHIR,375,467.2,24,726.00,0.000,0.015,"8906003212575"
1431,WINE,SULA LATE HARVEST CHENIN,750,934.1,12,1222.00,1.000,0.001,"8906003210250"
1432,WINE,SULA MOSAIC CHENIN SAUVI,750,466.1,12,690.00,0.000,0.000,""
1433,WINE,SULA RASA SHIRAZ RED WINE,750,641.1,12,1778.00,0.000,0.000,""
1434,WINE,SULA RIESLING WHITE WINE,750,932.1,12,1117.00,1.000,0.004,"8906003210373"
1435,WINE,SULA SAUVIGNON WHITE WINE,750,78.1,12,962.00,1.000,0.008,"8906003210267"
1436,WINE,SULA SAUVIGNON WHITE WINE,375,78.2,24,526.00,0.000,0.016,"8906003210274"
1437,WINE,SULA SECO,750,592.1,12,832.00,0.000,1.000,"8906003210052"
1438,WINE,SULA SECO ROSE SPARK ROSE,750,622.1,12,836.00,0.000,0.007,""
1439,WINE,SULA SHIRAZ CABERNET RED,750,314.1,12,1136.00,4.000,0.010,"8906003211301"
1440,WINE,SULA SHIRAZ CABERNET RED,375,314.2,24,620.00,1.000,0.020,"8906003211318"
1441,WINE,SULA SHIRAZ CABERNET RED,180,314.3,48,330.00,0.000,0.000,""
1442,WINE,SULA ZINFANDEL ROSE,750,294.1,12,922.00,1.000,0.006,"8906003210731"
1443,WINE,SULA ZINFANDEL ROSE,375,294.2,24,507.00,0.000,0.014,"8906003210748"
1444,WINE,THE SOURCE CABERNET SAU,750,599.1,12,1386.00,0.000,1.006,""
1445,WINE,THE SOURCE GRANCHE ROSE,750,591.1,12,1326.00,0.000,1.000,""
1446,WINE,THE SOURCE MOSCATO SPARKL,750,621.1,12,1586.00,0.000,0.005,""
1447,WINE,THE SOURCE SAU BLANC RES,750,587.1,12,1326.00,0.000,0.006,""
1448,WINE,TINTO NEGRO MALBEC,750,993.1,12,2655.00,0.006,0.004,"7798185961645"
1449,WINE,TOCORNAC MERLOT RED WINE,750,472.1,12,1571.00,0.000,0.000,""
1450,WINE,TRAPICHE MALBEC,750,648.1,12,1622.00,0.000,0.005,"7790240017045"
1451,WINE,TWO OCEANS PINOTAGE,750,998.1,12,1986.00,0.000,0.007,"6001497600227"
1452,WINE,TWO OCEANS SHIRAZ,750,880.1,12,1986.00,0.000,0.006,""
1453,WINE,VENTISQUERO CLA CABERNET,750,615.1,12,1552.00,0.000,0.000,""
1454,WINE,VENTISQUERO CLA SAUVIGNON,750,566.1,12,1828.00,0.000,0.000,""
1455,WINE,VENTISQUERO CLAS CARMENER,750,614.1,12,1828.00,0.000,0.004,"7808725402818"
1456,WINE,VILLA89 PREMIUM PORT WINE,750,586.1,12,436.00,2.000,0.005,"8906027342043"
1457,WINE,VILLA89 PREMIUM PORT WINE,375,586.2,24,226.00,0.012,0.012,"8906027342050"
1458,WINE,VILLA89 PREMIUM PORT WINE,180,586.3,48,118.00,0.000,0.032,"8906027342067"
1459,WINE,VIN RED MAGIC RED WINE,750,273.1,12,288.00,0.000,0.000,""
1460,WINE,VIN SOMA BAN PORT WINE,750,579.1,12,360.00,0.000,0.000,""
1461,WINE,VIN SOMA BAN PORT WINE,180,579.3,48,90.00,0.000,0.000,""
1462,WINE,WARRES HERITAGE RUBY PORT,750,989.1,12,2730.00,0.000,0.002,"5010867120129"
1463,WINE,WHAT THE FOX BRUT SP WINE,750,347.1,12,2586.00,0.000,0.003,"8906052770446"
1464,WINE,WHAT THE FOX CAB SAUVIGNO,750,345.1,12,2385.00,0.000,0.005,"8906052770422"
1465,WINE,WHAT THE FOX MERLOT,750,300.1,12,2385.00,0.000,0.007,"8906052770439"
1466,WINE,WHAT THE FOX SAUVIG BLANC,750,322.1,12,2586.00,0.000,0.007,"8906052770415"
1467,WINE,ZONIN CHARDONNAY,750,618.1,12,1878.00,0.000,0.000,"8002235022811"
1468,WINE,ZONIN CHIANTI,750,616.1,12,2474.00,0.000,0.000,"8002235022323"
1469,WINE,ZONIN MERLOT,750,617.1,12,1870.00,0.000,0.000,""